"","","","","nn","count","","nn","count","","nn","count","","nn","count","","nn","count","","nn","count","","nn","count","","nn","count","","nn","count","","nn","count","","nn","count","","nn","count","","nn","count","","nn","count","","nn","count","","nn","count","","nn","count","","nn","count","","nn","count","","nn","count","","nn","count","","nn","count","","nn","count","","nn","count","","nn","count","","nn","count","","nn","count"
2795.18961293437,0,0,2803.92328143065,1,1,2803.92328143065,1,2,2803.92328143065,1,3,2803.92328143065,1,4,2803.92328143065,1,5,2803.92328143065,1,6,2803.92328143065,1,7,2803.92328143065,1,8,2803.92328143065,1,9,2803.92328143065,1,10,2803.92328143065,1,11,2803.92328143065,1,12,2803.92328143065,1,13,2803.92328143065,1,14,2803.92328143065,1,15,2803.92328143065,1,16,2803.92328143065,1,17,2803.92328143065,1,18,2803.92328143065,1,19,2803.92328143065,1,20,2803.92328143065,1,21,2803.92328143065,1,22,2803.92328143065,1,23,2803.92328143065,1,24,2803.92328143065,1,25,2803.92328143065,1,26,2803.92328143065,1,27
5107.92244493973,0,0,5230.69792316656,1,1,5230.69792316656,1,2,5230.69792316656,1,3,5230.69792316656,1,4,5230.69792316656,1,5,5230.69792316656,1,6,5230.69792316656,1,7,5230.69792316656,1,8,5230.69792316656,1,9,5230.69792316656,1,10,5230.69792316656,1,11,5230.69792316656,1,12,5230.69792316656,1,13,5230.69792316656,1,14,5230.69792316656,1,15,5230.69792316656,1,16,5230.69792316656,1,17,5230.69792316656,1,18,5230.69792316656,1,19,5230.69792316656,1,20,5230.69792316656,1,21,5230.69792316656,1,22,5230.69792316656,1,23,5230.69792316656,1,24,5230.69792316656,1,25,5230.69792316656,1,26,5230.69792316656,1,27
4591.9976121997,0,0,4818.10402282857,1,1,4818.10402282857,1,2,4818.10402282857,1,3,4818.10402282857,1,4,4818.10402282857,1,5,4818.10402282857,1,6,4818.10402282857,1,7,4818.10402282857,1,8,4818.10402282857,1,9,4818.10402282857,1,10,4818.10402282857,1,11,4818.10402282857,1,12,4818.10402282857,1,13,4818.10402282857,1,14,4818.10402282857,1,15,4818.10402282857,1,16,4818.10402282857,1,17,4818.10402282857,1,18,4818.10402282857,1,19,4818.10402282857,1,20,4818.10402282857,1,21,4818.10402282857,1,22,4818.10402282857,1,23,4818.10402282857,1,24,4818.10402282857,1,25,4818.10402282857,1,26,4818.10402282857,1,27
4155.83874085245,0,0,4452.09122351414,1,1,4452.09122351414,1,2,4452.09122351414,1,3,4452.09122351414,1,4,4452.09122351414,1,5,4452.09122351414,1,6,4452.09122351414,1,7,4452.09122351414,1,8,4452.09122351414,1,9,4452.09122351414,1,10,4452.09122351414,1,11,4452.09122351414,1,12,4452.09122351414,1,13,4452.09122351414,1,14,4452.09122351414,1,15,4452.09122351414,1,16,4452.09122351414,1,17,4452.09122351414,1,18,4452.09122351414,1,19,4452.09122351414,1,20,4452.09122351414,1,21,4452.09122351414,1,22,4452.09122351414,1,23,4452.09122351414,1,24,4452.09122351414,1,25,4452.09122351414,1,26,4452.09122351414,1,27
3785.45713979052,0,0,4126.9352734041,1,1,4126.9352734041,1,2,4126.9352734041,1,3,4126.9352734041,1,4,4126.9352734041,1,5,4126.9352734041,1,6,4126.9352734041,1,7,4126.9352734041,1,8,4126.9352734041,1,9,4126.9352734041,1,10,4126.9352734041,1,11,4126.9352734041,1,12,4126.9352734041,1,13,4126.9352734041,1,14,4126.9352734041,1,15,4126.9352734041,1,16,4126.9352734041,1,17,4126.9352734041,1,18,4126.9352734041,1,19,4126.9352734041,1,20,4126.9352734041,1,21,4126.9352734041,1,22,4126.9352734041,1,23,4126.9352734041,1,24,4126.9352734041,1,25,4126.9352734041,1,26,4126.9352734041,1,27
3470.24888080377,0,0,3838.1431454823,1,1,3838.1431454823,1,2,3838.1431454823,1,3,3838.1431454823,1,4,3838.1431454823,1,5,3838.1431454823,1,6,3838.1431454823,1,7,3838.1431454823,1,8,3838.1431454823,1,9,3838.1431454823,1,10,3838.1431454823,1,11,3838.1431454823,1,12,3838.1431454823,1,13,3838.1431454823,1,14,3838.1431454823,1,15,3838.1431454823,1,16,3838.1431454823,1,17,3838.1431454823,1,18,3838.1431454823,1,19,3838.1431454823,1,20,3838.1431454823,1,21,3838.1431454823,1,22,3838.1431454823,1,23,3838.1431454823,1,24,3838.1431454823,1,25,3838.1431454823,1,26,3838.1431454823,1,27
3199.60668700523,0,0,3580.09251738974,1,1,3580.09251738974,1,2,3580.09251738974,1,3,3580.09251738974,1,4,3580.09251738974,1,5,3580.09251738974,1,6,3580.09251738974,1,7,3580.09251738974,1,8,3580.09251738974,1,9,3580.09251738974,1,10,3580.09251738974,1,11,3580.09251738974,1,12,3580.09251738974,1,13,3580.09251738974,1,14,3580.09251738974,1,15,3580.09251738974,1,16,3580.09251738974,1,17,3580.09251738974,1,18,3580.09251738974,1,19,3580.09251738974,1,20,3580.09251738974,1,21,3580.09251738974,1,22,3580.09251738974,1,23,3580.09251738974,1,24,3580.09251738974,1,25,3580.09251738974,1,26,3580.09251738974,1,27
2966.89959519958,0,0,3350.29504220867,1,1,3350.29504220867,1,2,3350.29504220867,1,3,3350.29504220867,1,4,3350.29504220867,1,5,3350.29504220867,1,6,3350.29504220867,1,7,3350.29504220867,1,8,3350.29504220867,1,9,3350.29504220867,1,10,3350.29504220867,1,11,3350.29504220867,1,12,3350.29504220867,1,13,3350.29504220867,1,14,3350.29504220867,1,15,3350.29504220867,1,16,3350.29504220867,1,17,3350.29504220867,1,18,3350.29504220867,1,19,3350.29504220867,1,20,3350.29504220867,1,21,3350.29504220867,1,22,3350.29504220867,1,23,3350.29504220867,1,24,3350.29504220867,1,25,3350.29504220867,1,26,3350.29504220867,1,27
2768.30484633764,0,0,3147.791213527,1,1,3147.791213527,1,2,3147.791213527,1,3,3147.791213527,1,4,3147.791213527,1,5,3147.791213527,1,6,3147.791213527,1,7,3147.791213527,1,8,3147.791213527,1,9,3147.791213527,1,10,3147.791213527,1,11,3147.791213527,1,12,3147.791213527,1,13,3147.791213527,1,14,3147.791213527,1,15,3147.791213527,1,16,3147.791213527,1,17,3147.791213527,1,18,3147.791213527,1,19,3147.791213527,1,20,3147.791213527,1,21,3147.791213527,1,22,3147.791213527,1,23,3147.791213527,1,24,3147.791213527,1,25,3147.791213527,1,26,3147.791213527,1,27
2598.52119952808,0,0,2968.98481258747,1,1,2968.98481258747,1,2,2968.98481258747,1,3,2968.98481258747,1,4,2968.98481258747,1,5,2968.98481258747,1,6,2968.98481258747,1,7,2968.98481258747,1,8,2968.98481258747,1,9,2968.98481258747,1,10,2968.98481258747,1,11,2968.98481258747,1,12,2968.98481258747,1,13,2968.98481258747,1,14,2968.98481258747,1,15,2968.98481258747,1,16,2968.98481258747,1,17,2968.98481258747,1,18,2968.98481258747,1,19,2968.98481258747,1,20,2968.98481258747,1,21,2968.98481258747,1,22,2968.98481258747,1,23,2968.98481258747,1,24,2968.98481258747,1,25,2968.98481258747,1,26,2968.98481258747,1,27
2453.57166981422,0,0,2811.1737953555,1,1,2811.1737953555,1,2,2811.1737953555,1,3,2811.1737953555,1,4,2811.1737953555,1,5,2811.1737953555,1,6,2811.1737953555,1,7,2811.1737953555,1,8,2811.1737953555,1,9,2811.1737953555,1,10,2811.1737953555,1,11,2811.1737953555,1,12,2811.1737953555,1,13,2811.1737953555,1,14,2811.1737953555,1,15,2811.1737953555,1,16,2811.1737953555,1,17,2811.1737953555,1,18,2811.1737953555,1,19,2811.1737953555,1,20,2811.1737953555,1,21,2811.1737953555,1,22,2811.1737953555,1,23,2811.1737953555,1,24,2811.1737953555,1,25,2811.1737953555,1,26,2811.1737953555,1,27
2330.03390500441,0,0,2671.89875658693,1,1,2671.89875658693,1,2,2671.89875658693,1,3,2671.89875658693,1,4,2671.89875658693,1,5,2671.89875658693,1,6,2671.89875658693,1,7,2671.89875658693,1,8,2671.89875658693,1,9,2671.89875658693,1,10,2671.89875658693,1,11,2671.89875658693,1,12,2671.89875658693,1,13,2671.89875658693,1,14,2671.89875658693,1,15,2671.89875658693,1,16,2671.89875658693,1,17,2671.89875658693,1,18,2671.89875658693,1,19,2671.89875658693,1,20,2671.89875658693,1,21,2671.89875658693,1,22,2671.89875658693,1,23,2671.89875658693,1,24,2671.89875658693,1,25,2671.89875658693,1,26,2671.89875658693,1,27
2224.81013395286,0,0,2548.82287385411,1,1,2548.82287385411,1,2,2548.82287385411,1,3,2548.82287385411,1,4,2548.82287385411,1,5,2548.82287385411,1,6,2548.82287385411,1,7,2548.82287385411,1,8,2548.82287385411,1,9,2548.82287385411,1,10,2548.82287385411,1,11,2548.82287385411,1,12,2548.82287385411,1,13,2548.82287385411,1,14,2548.82287385411,1,15,2548.82287385411,1,16,2548.82287385411,1,17,2548.82287385411,1,18,2548.82287385411,1,19,2548.82287385411,1,20,2548.82287385411,1,21,2548.82287385411,1,22,2548.82287385411,1,23,2548.82287385411,1,24,2548.82287385411,1,25,2548.82287385411,1,26,2548.82287385411,1,27
2135.12260991934,0,0,2439.7928485022,1,1,2439.7928485022,1,2,2439.7928485022,1,3,2439.7928485022,1,4,2439.7928485022,1,5,2439.7928485022,1,6,2439.7928485022,1,7,2439.7928485022,1,8,2439.7928485022,1,9,2439.7928485022,1,10,2439.7928485022,1,11,2439.7928485022,1,12,2439.7928485022,1,13,2439.7928485022,1,14,2439.7928485022,1,15,2439.7928485022,1,16,2439.7928485022,1,17,2439.7928485022,1,18,2439.7928485022,1,19,2439.7928485022,1,20,2439.7928485022,1,21,2439.7928485022,1,22,2439.7928485022,1,23,2439.7928485022,1,24,2439.7928485022,1,25,2439.7928485022,1,26,2439.7928485022,1,27
2058.68190870522,0,0,2342.94335900683,1,1,2342.94335900683,1,2,2342.94335900683,1,3,2342.94335900683,1,4,2342.94335900683,1,5,2342.94335900683,1,6,2342.94335900683,1,7,2342.94335900683,1,8,2342.94335900683,1,9,2342.94335900683,1,10,2342.94335900683,1,11,2342.94335900683,1,12,2342.94335900683,1,13,2342.94335900683,1,14,2342.94335900683,1,15,2342.94335900683,1,16,2342.94335900683,1,17,2342.94335900683,1,18,2342.94335900683,1,19,2342.94335900683,1,20,2342.94335900683,1,21,2342.94335900683,1,22,2342.94335900683,1,23,2342.94335900683,1,24,2342.94335900683,1,25,2342.94335900683,1,26,2342.94335900683,1,27
1994.65392511181,0,0,2257.25423791738,1,1,2257.25423791738,1,2,2257.25423791738,1,3,2257.25423791738,1,4,2257.25423791738,1,5,2257.25423791738,1,6,2257.25423791738,1,7,2257.25423791738,1,8,2257.25423791738,1,9,2257.25423791738,1,10,2257.25423791738,1,11,2257.25423791738,1,12,2257.25423791738,1,13,2257.25423791738,1,14,2257.25423791738,1,15,2257.25423791738,1,16,2257.25423791738,1,17,2257.25423791738,1,18,2257.25423791738,1,19,2257.25423791738,1,20,2257.25423791738,1,21,2257.25423791738,1,22,2257.25423791738,1,23,2257.25423791738,1,24,2257.25423791738,1,25,2257.25423791738,1,26,2257.25423791738,1,27
1943.75159831073,0,0,2188.84484975802,1,1,2188.84484975802,1,2,2188.84484975802,1,3,2188.84484975802,1,4,2188.84484975802,1,5,2188.84484975802,1,6,2188.84484975802,1,7,2188.84484975802,1,8,2188.84484975802,1,9,2188.84484975802,1,10,2188.84484975802,1,11,2188.84484975802,1,12,2188.84484975802,1,13,2188.84484975802,1,14,2188.84484975802,1,15,2188.84484975802,1,16,2188.84484975802,1,17,2188.84484975802,1,18,2188.84484975802,1,19,2188.84484975802,1,20,2188.84484975802,1,21,2188.84484975802,1,22,2188.84484975802,1,23,2188.84484975802,1,24,2188.84484975802,1,25,2188.84484975802,1,26,2188.84484975802,1,27
1902.19976225351,0,0,2134.79004695115,1,1,2134.79004695115,1,2,2134.79004695115,1,3,2134.79004695115,1,4,2134.79004695115,1,5,2134.79004695115,1,6,2134.79004695115,1,7,2134.79004695115,1,8,2134.79004695115,1,9,2134.79004695115,1,10,2134.79004695115,1,11,2134.79004695115,1,12,2134.79004695115,1,13,2134.79004695115,1,14,2134.79004695115,1,15,2134.79004695115,1,16,2134.79004695115,1,17,2134.79004695115,1,18,2134.79004695115,1,19,2134.79004695115,1,20,2134.79004695115,1,21,2134.79004695115,1,22,2134.79004695115,1,23,2134.79004695115,1,24,2134.79004695115,1,25,2134.79004695115,1,26,2134.79004695115,1,27
1865.9364393124,0,0,2086.30755042538,1,1,2086.30755042538,1,2,2086.30755042538,1,3,2086.30755042538,1,4,2086.30755042538,1,5,2086.30755042538,1,6,2086.30755042538,1,7,2086.30755042538,1,8,2086.30755042538,1,9,2086.30755042538,1,10,2086.30755042538,1,11,2086.30755042538,1,12,2086.30755042538,1,13,2086.30755042538,1,14,2086.30755042538,1,15,2086.30755042538,1,16,2086.30755042538,1,17,2086.30755042538,1,18,2086.30755042538,1,19,2086.30755042538,1,20,2086.30755042538,1,21,2086.30755042538,1,22,2086.30755042538,1,23,2086.30755042538,1,24,2086.30755042538,1,25,2086.30755042538,1,26,2086.30755042538,1,27
1834.06546720678,0,0,2042.51727830425,1,1,2042.51727830425,1,2,2042.51727830425,1,3,2042.51727830425,1,4,2042.51727830425,1,5,2042.51727830425,1,6,2042.51727830425,1,7,2042.51727830425,1,8,2042.51727830425,1,9,2042.51727830425,1,10,2042.51727830425,1,11,2042.51727830425,1,12,2042.51727830425,1,13,2042.51727830425,1,14,2042.51727830425,1,15,2042.51727830425,1,16,2042.51727830425,1,17,2042.51727830425,1,18,2042.51727830425,1,19,2042.51727830425,1,20,2042.51727830425,1,21,2042.51727830425,1,22,2042.51727830425,1,23,2042.51727830425,1,24,2042.51727830425,1,25,2042.51727830425,1,26,2042.51727830425,1,27
1805.20706887546,0,0,2001.91738298675,1,1,2001.91738298675,1,2,2001.91738298675,1,3,2001.91738298675,1,4,2001.91738298675,1,5,2001.91738298675,1,6,2001.91738298675,1,7,2001.91738298675,1,8,2001.91738298675,1,9,2001.91738298675,1,10,2001.91738298675,1,11,2001.91738298675,1,12,2001.91738298675,1,13,2001.91738298675,1,14,2001.91738298675,1,15,2001.91738298675,1,16,2001.91738298675,1,17,2001.91738298675,1,18,2001.91738298675,1,19,2001.91738298675,1,20,2001.91738298675,1,21,2001.91738298675,1,22,2001.91738298675,1,23,2001.91738298675,1,24,2001.91738298675,1,25,2001.91738298675,1,26,2001.91738298675,1,27
1786.53879450453,0,0,1972.09455381557,1,1,1972.09455381557,1,2,1972.09455381557,1,3,1972.09455381557,1,4,1972.09455381557,1,5,1972.09455381557,1,6,1972.09455381557,1,7,1972.09455381557,1,8,1972.09455381557,1,9,1972.09455381557,1,10,1972.09455381557,1,11,1972.09455381557,1,12,1972.09455381557,1,13,1972.09455381557,1,14,1972.09455381557,1,15,1972.09455381557,1,16,1972.09455381557,1,17,1972.09455381557,1,18,1972.09455381557,1,19,1972.09455381557,1,20,1972.09455381557,1,21,1972.09455381557,1,22,1972.09455381557,1,23,1972.09455381557,1,24,1972.09455381557,1,25,1972.09455381557,1,26,1972.09455381557,1,27
1778.68496987876,0,0,1953.83168625019,1,1,1953.83168625019,1,2,1953.83168625019,1,3,1953.83168625019,1,4,1953.83168625019,1,5,1953.83168625019,1,6,1953.83168625019,1,7,1953.83168625019,1,8,1953.83168625019,1,9,1953.83168625019,1,10,1953.83168625019,1,11,1953.83168625019,1,12,1953.83168625019,1,13,1953.83168625019,1,14,1953.83168625019,1,15,1953.83168625019,1,16,1953.83168625019,1,17,1953.83168625019,1,18,1953.83168625019,1,19,1953.83168625019,1,20,1953.83168625019,1,21,1953.83168625019,1,22,1953.83168625019,1,23,1953.83168625019,1,24,1953.83168625019,1,25,1953.83168625019,1,26,1953.83168625019,1,27
1773.65885496308,0,0,1938.92753815272,1,1,1938.92753815272,1,2,1938.92753815272,1,3,1938.92753815272,1,4,1938.92753815272,1,5,1938.92753815272,1,6,1938.92753815272,1,7,1938.92753815272,1,8,1938.92753815272,1,9,1938.92753815272,1,10,1938.92753815272,1,11,1938.92753815272,1,12,1938.92753815272,1,13,1938.92753815272,1,14,1938.92753815272,1,15,1938.92753815272,1,16,1938.92753815272,1,17,1938.92753815272,1,18,1938.92753815272,1,19,1938.92753815272,1,20,1938.92753815272,1,21,1938.92753815272,1,22,1938.92753815272,1,23,1938.92753815272,1,24,1938.92753815272,1,25,1938.92753815272,1,26,1938.92753815272,1,27
1770.88701593967,0,0,1926.77590111755,1,1,1926.77590111755,1,2,1926.77590111755,1,3,1926.77590111755,1,4,1926.77590111755,1,5,1926.77590111755,1,6,1926.77590111755,1,7,1926.77590111755,1,8,1926.77590111755,1,9,1926.77590111755,1,10,1926.77590111755,1,11,1926.77590111755,1,12,1926.77590111755,1,13,1926.77590111755,1,14,1926.77590111755,1,15,1926.77590111755,1,16,1926.77590111755,1,17,1926.77590111755,1,18,1926.77590111755,1,19,1926.77590111755,1,20,1926.77590111755,1,21,1926.77590111755,1,22,1926.77590111755,1,23,1926.77590111755,1,24,1926.77590111755,1,25,1926.77590111755,1,26,1926.77590111755,1,27
1769.96677012472,0,0,1916.9302859007,1,1,1916.9302859007,1,2,1916.9302859007,1,3,1916.9302859007,1,4,1916.9302859007,1,5,1916.9302859007,1,6,1916.9302859007,1,7,1916.9302859007,1,8,1916.9302859007,1,9,1916.9302859007,1,10,1916.9302859007,1,11,1916.9302859007,1,12,1916.9302859007,1,13,1916.9302859007,1,14,1916.9302859007,1,15,1916.9302859007,1,16,1916.9302859007,1,17,1916.9302859007,1,18,1916.9302859007,1,19,1916.9302859007,1,20,1916.9302859007,1,21,1916.9302859007,1,22,1916.9302859007,1,23,1916.9302859007,1,24,1916.9302859007,1,25,1916.9302859007,1,26,1916.9302859007,1,27
1770.61002460269,0,0,1909.05431183449,1,1,1909.05431183449,1,2,1909.05431183449,1,3,1909.05431183449,1,4,1909.05431183449,1,5,1909.05431183449,1,6,1909.05431183449,1,7,1909.05431183449,1,8,1909.05431183449,1,9,1909.05431183449,1,10,1909.05431183449,1,11,1909.05431183449,1,12,1909.05431183449,1,13,1909.05431183449,1,14,1909.05431183449,1,15,1909.05431183449,1,16,1909.05431183449,1,17,1909.05431183449,1,18,1909.05431183449,1,19,1909.05431183449,1,20,1909.05431183449,1,21,1909.05431183449,1,22,1909.05431183449,1,23,1909.05431183449,1,24,1909.05431183449,1,25,1909.05431183449,1,26,1909.05431183449,1,27
1772.60203278019,0,0,1902.89627856365,1,1,1902.89627856365,1,2,1902.89627856365,1,3,1902.89627856365,1,4,1902.89627856365,1,5,1902.89627856365,1,6,1902.89627856365,1,7,1902.89627856365,1,8,1902.89627856365,1,9,1902.89627856365,1,10,1902.89627856365,1,11,1902.89627856365,1,12,1902.89627856365,1,13,1902.89627856365,1,14,1902.89627856365,1,15,1902.89627856365,1,16,1902.89627856365,1,17,1902.89627856365,1,18,1902.89627856365,1,19,1902.89627856365,1,20,1902.89627856365,1,21,1902.89627856365,1,22,1902.89627856365,1,23,1902.89627856365,1,24,1902.89627856365,1,25,1902.89627856365,1,26,1902.89627856365,1,27
1775.8349624327,0,0,1898.31624223059,1,1,1898.31624223059,1,2,1898.31624223059,1,3,1898.31624223059,1,4,1898.31624223059,1,5,1898.31624223059,1,6,1898.31624223059,1,7,1898.31624223059,1,8,1898.31624223059,1,9,1898.31624223059,1,10,1898.31624223059,1,11,1898.31624223059,1,12,1898.31624223059,1,13,1898.31624223059,1,14,1898.31624223059,1,15,1898.31624223059,1,16,1898.31624223059,1,17,1898.31624223059,1,18,1898.31624223059,1,19,1898.31624223059,1,20,1898.31624223059,1,21,1898.31624223059,1,22,1898.31624223059,1,23,1898.31624223059,1,24,1898.31624223059,1,25,1898.31624223059,1,26,1898.31624223059,1,27
1780.26708480567,0,0,1895.24111462975,1,1,1895.24111462975,1,2,1895.24111462975,1,3,1895.24111462975,1,4,1895.24111462975,1,5,1895.24111462975,1,6,1895.24111462975,1,7,1895.24111462975,1,8,1895.24111462975,1,9,1895.24111462975,1,10,1895.24111462975,1,11,1895.24111462975,1,12,1895.24111462975,1,13,1895.24111462975,1,14,1895.24111462975,1,15,1895.24111462975,1,16,1895.24111462975,1,17,1895.24111462975,1,18,1895.24111462975,1,19,1895.24111462975,1,20,1895.24111462975,1,21,1895.24111462975,1,22,1895.24111462975,1,23,1895.24111462975,1,24,1895.24111462975,1,25,1895.24111462975,1,26,1895.24111462975,1,27
1785.83411299458,0,0,1893.5669422072,1,1,1893.5669422072,1,2,1893.5669422072,1,3,1893.5669422072,1,4,1893.5669422072,1,5,1893.5669422072,1,6,1893.5669422072,1,7,1893.5669422072,1,8,1893.5669422072,1,9,1893.5669422072,1,10,1893.5669422072,1,11,1893.5669422072,1,12,1893.5669422072,1,13,1893.5669422072,1,14,1893.5669422072,1,15,1893.5669422072,1,16,1893.5669422072,1,17,1893.5669422072,1,18,1893.5669422072,1,19,1893.5669422072,1,20,1893.5669422072,1,21,1893.5669422072,1,22,1893.5669422072,1,23,1893.5669422072,1,24,1893.5669422072,1,25,1893.5669422072,1,26,1893.5669422072,1,27
1792.42154586031,0,0,1893.14612777307,1,1,1893.14612777307,1,2,1893.14612777307,1,3,1893.14612777307,1,4,1893.14612777307,1,5,1893.14612777307,1,6,1893.14612777307,1,7,1893.14612777307,1,8,1893.14612777307,1,9,1893.14612777307,1,10,1893.14612777307,1,11,1893.14612777307,1,12,1893.14612777307,1,13,1893.14612777307,1,14,1893.14612777307,1,15,1893.14612777307,1,16,1893.14612777307,1,17,1893.14612777307,1,18,1893.14612777307,1,19,1893.14612777307,1,20,1893.14612777307,1,21,1893.14612777307,1,22,1893.14612777307,1,23,1893.14612777307,1,24,1893.14612777307,1,25,1893.14612777307,1,26,1893.14612777307,1,27
1800.01901994627,0,0,1893.92821087719,1,1,1893.92821087719,1,2,1893.92821087719,1,3,1893.92821087719,1,4,1893.92821087719,1,5,1893.92821087719,1,6,1893.92821087719,1,7,1893.92821087719,1,8,1893.92821087719,1,9,1893.92821087719,1,10,1893.92821087719,1,11,1893.92821087719,1,12,1893.92821087719,1,13,1893.92821087719,1,14,1893.92821087719,1,15,1893.92821087719,1,16,1893.92821087719,1,17,1893.92821087719,1,18,1893.92821087719,1,19,1893.92821087719,1,20,1893.92821087719,1,21,1893.92821087719,1,22,1893.92821087719,1,23,1893.92821087719,1,24,1893.92821087719,1,25,1893.92821087719,1,26,1893.92821087719,1,27
1808.74873723679,0,0,1895.95256189238,1,1,1895.95256189238,1,2,1895.95256189238,1,3,1895.95256189238,1,4,1895.95256189238,1,5,1895.95256189238,1,6,1895.95256189238,1,7,1895.95256189238,1,8,1895.95256189238,1,9,1895.95256189238,1,10,1895.95256189238,1,11,1895.95256189238,1,12,1895.95256189238,1,13,1895.95256189238,1,14,1895.95256189238,1,15,1895.95256189238,1,16,1895.95256189238,1,17,1895.95256189238,1,18,1895.95256189238,1,19,1895.95256189238,1,20,1895.95256189238,1,21,1895.95256189238,1,22,1895.95256189238,1,23,1895.95256189238,1,24,1895.95256189238,1,25,1895.95256189238,1,26,1895.95256189238,1,27
1818.73969077972,0,0,1899.26148985209,1,1,1899.26148985209,1,2,1899.26148985209,1,3,1899.26148985209,1,4,1899.26148985209,1,5,1899.26148985209,1,6,1899.26148985209,1,7,1899.26148985209,1,8,1899.26148985209,1,9,1899.26148985209,1,10,1899.26148985209,1,11,1899.26148985209,1,12,1899.26148985209,1,13,1899.26148985209,1,14,1899.26148985209,1,15,1899.26148985209,1,16,1899.26148985209,1,17,1899.26148985209,1,18,1899.26148985209,1,19,1899.26148985209,1,20,1899.26148985209,1,21,1899.26148985209,1,22,1899.26148985209,1,23,1899.26148985209,1,24,1899.26148985209,1,25,1899.26148985209,1,26,1899.26148985209,1,27
1830.02353379825,0,0,1903.83257084694,1,1,1903.83257084694,1,2,1903.83257084694,1,3,1903.83257084694,1,4,1903.83257084694,1,5,1903.83257084694,1,6,1903.83257084694,1,7,1903.83257084694,1,8,1903.83257084694,1,9,1903.83257084694,1,10,1903.83257084694,1,11,1903.83257084694,1,12,1903.83257084694,1,13,1903.83257084694,1,14,1903.83257084694,1,15,1903.83257084694,1,16,1903.83257084694,1,17,1903.83257084694,1,18,1903.83257084694,1,19,1903.83257084694,1,20,1903.83257084694,1,21,1903.83257084694,1,22,1903.83257084694,1,23,1903.83257084694,1,24,1903.83257084694,1,25,1903.83257084694,1,26,1903.83257084694,1,27
1842.58176667119,0,0,1909.61334801185,1,1,1909.61334801185,1,2,1909.61334801185,1,3,1909.61334801185,1,4,1909.61334801185,1,5,1909.61334801185,1,6,1909.61334801185,1,7,1909.61334801185,1,8,1909.61334801185,1,9,1909.61334801185,1,10,1909.61334801185,1,11,1909.61334801185,1,12,1909.61334801185,1,13,1909.61334801185,1,14,1909.61334801185,1,15,1909.61334801185,1,16,1909.61334801185,1,17,1909.61334801185,1,18,1909.61334801185,1,19,1909.61334801185,1,20,1909.61334801185,1,21,1909.61334801185,1,22,1909.61334801185,1,23,1909.61334801185,1,24,1909.61334801185,1,25,1909.61334801185,1,26,1909.61334801185,1,27
1856.33356534449,0,0,1916.52098464583,1,1,1916.52098464583,1,2,1916.52098464583,1,3,1916.52098464583,1,4,1916.52098464583,1,5,1916.52098464583,1,6,1916.52098464583,1,7,1916.52098464583,1,8,1916.52098464583,1,9,1916.52098464583,1,10,1916.52098464583,1,11,1916.52098464583,1,12,1916.52098464583,1,13,1916.52098464583,1,14,1916.52098464583,1,15,1916.52098464583,1,16,1916.52098464583,1,17,1916.52098464583,1,18,1916.52098464583,1,19,1916.52098464583,1,20,1916.52098464583,1,21,1916.52098464583,1,22,1916.52098464583,1,23,1916.52098464583,1,24,1916.52098464583,1,25,1916.52098464583,1,26,1916.52098464583,1,27
1870.98861265492,0,0,1924.29846500344,1,1,1924.29846500344,1,2,1924.29846500344,1,3,1924.29846500344,1,4,1924.29846500344,1,5,1924.29846500344,1,6,1924.29846500344,1,7,1924.29846500344,1,8,1924.29846500344,1,9,1924.29846500344,1,10,1924.29846500344,1,11,1924.29846500344,1,12,1924.29846500344,1,13,1924.29846500344,1,14,1924.29846500344,1,15,1924.29846500344,1,16,1924.29846500344,1,17,1924.29846500344,1,18,1924.29846500344,1,19,1924.29846500344,1,20,1924.29846500344,1,21,1924.29846500344,1,22,1924.29846500344,1,23,1924.29846500344,1,24,1924.29846500344,1,25,1924.29846500344,1,26,1924.29846500344,1,27
1886.20158099736,0,0,1932.64476027214,1,1,1932.64476027214,1,2,1932.64476027214,1,3,1932.64476027214,1,4,1932.64476027214,1,5,1932.64476027214,1,6,1932.64476027214,1,7,1932.64476027214,1,8,1932.64476027214,1,9,1932.64476027214,1,10,1932.64476027214,1,11,1932.64476027214,1,12,1932.64476027214,1,13,1932.64476027214,1,14,1932.64476027214,1,15,1932.64476027214,1,16,1932.64476027214,1,17,1932.64476027214,1,18,1932.64476027214,1,19,1932.64476027214,1,20,1932.64476027214,1,21,1932.64476027214,1,22,1932.64476027214,1,23,1932.64476027214,1,24,1932.64476027214,1,25,1932.64476027214,1,26,1932.64476027214,1,27
1901.79581626692,0,0,1941.39753572581,1,1,1941.39753572581,1,2,1941.39753572581,1,3,1941.39753572581,1,4,1941.39753572581,1,5,1941.39753572581,1,6,1941.39753572581,1,7,1941.39753572581,1,8,1941.39753572581,1,9,1941.39753572581,1,10,1941.39753572581,1,11,1941.39753572581,1,12,1941.39753572581,1,13,1941.39753572581,1,14,1941.39753572581,1,15,1941.39753572581,1,16,1941.39753572581,1,17,1941.39753572581,1,18,1941.39753572581,1,19,1941.39753572581,1,20,1941.39753572581,1,21,1941.39753572581,1,22,1941.39753572581,1,23,1941.39753572581,1,24,1941.39753572581,1,25,1941.39753572581,1,26,1941.39753572581,1,27
1917.64472653104,0,0,1950.35820066232,1,1,1950.35820066232,1,2,1950.35820066232,1,3,1950.35820066232,1,4,1950.35820066232,1,5,1950.35820066232,1,6,1950.35820066232,1,7,1950.35820066232,1,8,1950.35820066232,1,9,1950.35820066232,1,10,1950.35820066232,1,11,1950.35820066232,1,12,1950.35820066232,1,13,1950.35820066232,1,14,1950.35820066232,1,15,1950.35820066232,1,16,1950.35820066232,1,17,1950.35820066232,1,18,1950.35820066232,1,19,1950.35820066232,1,20,1950.35820066232,1,21,1950.35820066232,1,22,1950.35820066232,1,23,1950.35820066232,1,24,1950.35820066232,1,25,1950.35820066232,1,26,1950.35820066232,1,27
1933.56116055367,0,0,1959.29553875805,1,1,1959.29553875805,1,2,1959.29553875805,1,3,1959.29553875805,1,4,1959.29553875805,1,5,1959.29553875805,1,6,1959.29553875805,1,7,1959.29553875805,1,8,1959.29553875805,1,9,1959.29553875805,1,10,1959.29553875805,1,11,1959.29553875805,1,12,1959.29553875805,1,13,1959.29553875805,1,14,1959.29553875805,1,15,1959.29553875805,1,16,1959.29553875805,1,17,1959.29553875805,1,18,1959.29553875805,1,19,1959.29553875805,1,20,1959.29553875805,1,21,1959.29553875805,1,22,1959.29553875805,1,23,1959.29553875805,1,24,1959.29553875805,1,25,1959.29553875805,1,26,1959.29553875805,1,27
1949.34742002584,0,0,1968.03278355485,1,1,1968.03278355485,1,2,1968.03278355485,1,3,1968.03278355485,1,4,1968.03278355485,1,5,1968.03278355485,1,6,1968.03278355485,1,7,1968.03278355485,1,8,1968.03278355485,1,9,1968.03278355485,1,10,1968.03278355485,1,11,1968.03278355485,1,12,1968.03278355485,1,13,1968.03278355485,1,14,1968.03278355485,1,15,1968.03278355485,1,16,1968.03278355485,1,17,1968.03278355485,1,18,1968.03278355485,1,19,1968.03278355485,1,20,1968.03278355485,1,21,1968.03278355485,1,22,1968.03278355485,1,23,1968.03278355485,1,24,1968.03278355485,1,25,1968.03278355485,1,26,1968.03278355485,1,27
1964.81379610399,0,0,1976.39936141144,1,1,1976.39936141144,1,2,1976.39936141144,1,3,1976.39936141144,1,4,1976.39936141144,1,5,1976.39936141144,1,6,1976.39936141144,1,7,1976.39936141144,1,8,1976.39936141144,1,9,1976.39936141144,1,10,1976.39936141144,1,11,1976.39936141144,1,12,1976.39936141144,1,13,1976.39936141144,1,14,1976.39936141144,1,15,1976.39936141144,1,16,1976.39936141144,1,17,1976.39936141144,1,18,1976.39936141144,1,19,1976.39936141144,1,20,1976.39936141144,1,21,1976.39936141144,1,22,1976.39936141144,1,23,1976.39936141144,1,24,1976.39936141144,1,25,1976.39936141144,1,26,1976.39936141144,1,27
1979.88475494023,0,0,1984.33092074465,1,1,1984.33092074465,1,2,1984.33092074465,1,3,1984.33092074465,1,4,1984.33092074465,1,5,1984.33092074465,1,6,1984.33092074465,1,7,1984.33092074465,1,8,1984.33092074465,1,9,1984.33092074465,1,10,1984.33092074465,1,11,1984.33092074465,1,12,1984.33092074465,1,13,1984.33092074465,1,14,1984.33092074465,1,15,1984.33092074465,1,16,1984.33092074465,1,17,1984.33092074465,1,18,1984.33092074465,1,19,1984.33092074465,1,20,1984.33092074465,1,21,1984.33092074465,1,22,1984.33092074465,1,23,1984.33092074465,1,24,1984.33092074465,1,25,1984.33092074465,1,26,1984.33092074465,1,27
1994.56153743389,0,0,1991.83096263124,1,1,1991.83096263124,1,2,1991.83096263124,1,3,1991.83096263124,1,4,1991.83096263124,1,5,1991.83096263124,1,6,1991.83096263124,1,7,1991.83096263124,1,8,1991.83096263124,1,9,1991.83096263124,1,10,1991.83096263124,1,11,1991.83096263124,1,12,1991.83096263124,1,13,1991.83096263124,1,14,1991.83096263124,1,15,1991.83096263124,1,16,1991.83096263124,1,17,1991.83096263124,1,18,1991.83096263124,1,19,1991.83096263124,1,20,1991.83096263124,1,21,1991.83096263124,1,22,1991.83096263124,1,23,1991.83096263124,1,24,1991.83096263124,1,25,1991.83096263124,1,26,1991.83096263124,1,27
2008.9796174619,0,0,1999.02816467609,1,1,1999.02816467609,1,2,1999.02816467609,1,3,1999.02816467609,1,4,1999.02816467609,1,5,1999.02816467609,1,6,1999.02816467609,1,7,1999.02816467609,1,8,1999.02816467609,1,9,1999.02816467609,1,10,1999.02816467609,1,11,1999.02816467609,1,12,1999.02816467609,1,13,1999.02816467609,1,14,1999.02816467609,1,15,1999.02816467609,1,16,1999.02816467609,1,17,1999.02816467609,1,18,1999.02816467609,1,19,1999.02816467609,1,20,1999.02816467609,1,21,1999.02816467609,1,22,1999.02816467609,1,23,1999.02816467609,1,24,1999.02816467609,1,25,1999.02816467609,1,26,1999.02816467609,1,27
2023.42801665485,0,0,2006.15185214904,1,1,2006.15185214904,1,2,2006.15185214904,1,3,2006.15185214904,1,4,2006.15185214904,1,5,2006.15185214904,1,6,2006.15185214904,1,7,2006.15185214904,1,8,2006.15185214904,1,9,2006.15185214904,1,10,2006.15185214904,1,11,2006.15185214904,1,12,2006.15185214904,1,13,2006.15185214904,1,14,2006.15185214904,1,15,2006.15185214904,1,16,2006.15185214904,1,17,2006.15185214904,1,18,2006.15185214904,1,19,2006.15185214904,1,20,2006.15185214904,1,21,2006.15185214904,1,22,2006.15185214904,1,23,2006.15185214904,1,24,2006.15185214904,1,25,2006.15185214904,1,26,2006.15185214904,1,27
2038.26947878238,0,0,2013.48425379497,1,1,2013.48425379497,1,2,2013.48425379497,1,3,2013.48425379497,1,4,2013.48425379497,1,5,2013.48425379497,1,6,2013.48425379497,1,7,2013.48425379497,1,8,2013.48425379497,1,9,2013.48425379497,1,10,2013.48425379497,1,11,2013.48425379497,1,12,2013.48425379497,1,13,2013.48425379497,1,14,2013.48425379497,1,15,2013.48425379497,1,16,2013.48425379497,1,17,2013.48425379497,1,18,2013.48425379497,1,19,2013.48425379497,1,20,2013.48425379497,1,21,2013.48425379497,1,22,2013.48425379497,1,23,2013.48425379497,1,24,2013.48425379497,1,25,2013.48425379497,1,26,2013.48425379497,1,27
2053.82555421952,0,0,2021.3045500508,1,1,2021.3045500508,1,2,2021.3045500508,1,3,2021.3045500508,1,4,2021.3045500508,1,5,2021.3045500508,1,6,2021.3045500508,1,7,2021.3045500508,1,8,2021.3045500508,1,9,2021.3045500508,1,10,2021.3045500508,1,11,2021.3045500508,1,12,2021.3045500508,1,13,2021.3045500508,1,14,2021.3045500508,1,15,2021.3045500508,1,16,2021.3045500508,1,17,2021.3045500508,1,18,2021.3045500508,1,19,2021.3045500508,1,20,2021.3045500508,1,21,2021.3045500508,1,22,2021.3045500508,1,23,2021.3045500508,1,24,2021.3045500508,1,25,2021.3045500508,1,26,2021.3045500508,1,27
2070.44128332726,0,0,2029.85491199796,1,1,2029.85491199796,1,2,2029.85491199796,1,3,2029.85491199796,1,4,2029.85491199796,1,5,2029.85491199796,1,6,2029.85491199796,1,7,2029.85491199796,1,8,2029.85491199796,1,9,2029.85491199796,1,10,2029.85491199796,1,11,2029.85491199796,1,12,2029.85491199796,1,13,2029.85491199796,1,14,2029.85491199796,1,15,2029.85491199796,1,16,2029.85491199796,1,17,2029.85491199796,1,18,2029.85491199796,1,19,2029.85491199796,1,20,2029.85491199796,1,21,2029.85491199796,1,22,2029.85491199796,1,23,2029.85491199796,1,24,2029.85491199796,1,25,2029.85491199796,1,26,2029.85491199796,1,27
2088.63700285422,0,0,2039.53264730565,1,1,2039.53264730565,1,2,2039.53264730565,1,3,2039.53264730565,1,4,2039.53264730565,1,5,2039.53264730565,1,6,2039.53264730565,1,7,2039.53264730565,1,8,2039.53264730565,1,9,2039.53264730565,1,10,2039.53264730565,1,11,2039.53264730565,1,12,2039.53264730565,1,13,2039.53264730565,1,14,2039.53264730565,1,15,2039.53264730565,1,16,2039.53264730565,1,17,2039.53264730565,1,18,2039.53264730565,1,19,2039.53264730565,1,20,2039.53264730565,1,21,2039.53264730565,1,22,2039.53264730565,1,23,2039.53264730565,1,24,2039.53264730565,1,25,2039.53264730565,1,26,2039.53264730565,1,27
2109.0495651992,0,0,2050.8827423904,1,1,2050.8827423904,1,2,2050.8827423904,1,3,2050.8827423904,1,4,2050.8827423904,1,5,2050.8827423904,1,6,2050.8827423904,1,7,2050.8827423904,1,8,2050.8827423904,1,9,2050.8827423904,1,10,2050.8827423904,1,11,2050.8827423904,1,12,2050.8827423904,1,13,2050.8827423904,1,14,2050.8827423904,1,15,2050.8827423904,1,16,2050.8827423904,1,17,2050.8827423904,1,18,2050.8827423904,1,19,2050.8827423904,1,20,2050.8827423904,1,21,2050.8827423904,1,22,2050.8827423904,1,23,2050.8827423904,1,24,2050.8827423904,1,25,2050.8827423904,1,26,2050.8827423904,1,27
2132.37299619774,0,0,2064.48421544459,1,1,2064.48421544459,1,2,2064.48421544459,1,3,2064.48421544459,1,4,2064.48421544459,1,5,2064.48421544459,1,6,2064.48421544459,1,7,2064.48421544459,1,8,2064.48421544459,1,9,2064.48421544459,1,10,2064.48421544459,1,11,2064.48421544459,1,12,2064.48421544459,1,13,2064.48421544459,1,14,2064.48421544459,1,15,2064.48421544459,1,16,2064.48421544459,1,17,2064.48421544459,1,18,2064.48421544459,1,19,2064.48421544459,1,20,2064.48421544459,1,21,2064.48421544459,1,22,2064.48421544459,1,23,2064.48421544459,1,24,2064.48421544459,1,25,2064.48421544459,1,26,2064.48421544459,1,27
2160.40291309709,0,0,2081.92268621365,1,1,2081.92268621365,1,2,2081.92268621365,1,3,2081.92268621365,1,4,2081.92268621365,1,5,2081.92268621365,1,6,2081.92268621365,1,7,2081.92268621365,1,8,2081.92268621365,1,9,2081.92268621365,1,10,2081.92268621365,1,11,2081.92268621365,1,12,2081.92268621365,1,13,2081.92268621365,1,14,2081.92268621365,1,15,2081.92268621365,1,16,2081.92268621365,1,17,2081.92268621365,1,18,2081.92268621365,1,19,2081.92268621365,1,20,2081.92268621365,1,21,2081.92268621365,1,22,2081.92268621365,1,23,2081.92268621365,1,24,2081.92268621365,1,25,2081.92268621365,1,26,2081.92268621365,1,27
2184.69083440934,0,0,2095.5545426068,1,1,2095.5545426068,1,2,2095.5545426068,1,3,2095.5545426068,1,4,2095.5545426068,1,5,2095.5545426068,1,6,2095.5545426068,1,7,2095.5545426068,1,8,2095.5545426068,1,9,2095.5545426068,1,10,2095.5545426068,1,11,2095.5545426068,1,12,2095.5545426068,1,13,2095.5545426068,1,14,2095.5545426068,1,15,2095.5545426068,1,16,2095.5545426068,1,17,2095.5545426068,1,18,2095.5545426068,1,19,2095.5545426068,1,20,2095.5545426068,1,21,2095.5545426068,1,22,2095.5545426068,1,23,2095.5545426068,1,24,2095.5545426068,1,25,2095.5545426068,1,26,2095.5545426068,1,27
2199.77479652743,0,0,2100.83960932423,1,1,2100.83960932423,1,2,2100.83960932423,1,3,2100.83960932423,1,4,2100.83960932423,1,5,2100.83960932423,1,6,2100.83960932423,1,7,2100.83960932423,1,8,2100.83960932423,1,9,2100.83960932423,1,10,2100.83960932423,1,11,2100.83960932423,1,12,2100.83960932423,1,13,2100.83960932423,1,14,2100.83960932423,1,15,2100.83960932423,1,16,2100.83960932423,1,17,2100.83960932423,1,18,2100.83960932423,1,19,2100.83960932423,1,20,2100.83960932423,1,21,2100.83960932423,1,22,2100.83960932423,1,23,2100.83960932423,1,24,2100.83960932423,1,25,2100.83960932423,1,26,2100.83960932423,1,27
2212.83179670797,0,0,2104.40468422664,1,1,2104.40468422664,1,2,2104.40468422664,1,3,2104.40468422664,1,4,2104.40468422664,1,5,2104.40468422664,1,6,2104.40468422664,1,7,2104.40468422664,1,8,2104.40468422664,1,9,2104.40468422664,1,10,2104.40468422664,1,11,2104.40468422664,1,12,2104.40468422664,1,13,2104.40468422664,1,14,2104.40468422664,1,15,2104.40468422664,1,16,2104.40468422664,1,17,2104.40468422664,1,18,2104.40468422664,1,19,2104.40468422664,1,20,2104.40468422664,1,21,2104.40468422664,1,22,2104.40468422664,1,23,2104.40468422664,1,24,2104.40468422664,1,25,2104.40468422664,1,26,2104.40468422664,1,27
2223.65972877071,0,0,2106.13791351677,1,1,2106.13791351677,1,2,2106.13791351677,1,3,2106.13791351677,1,4,2106.13791351677,1,5,2106.13791351677,1,6,2106.13791351677,1,7,2106.13791351677,1,8,2106.13791351677,1,9,2106.13791351677,1,10,2106.13791351677,1,11,2106.13791351677,1,12,2106.13791351677,1,13,2106.13791351677,1,14,2106.13791351677,1,15,2106.13791351677,1,16,2106.13791351677,1,17,2106.13791351677,1,18,2106.13791351677,1,19,2106.13791351677,1,20,2106.13791351677,1,21,2106.13791351677,1,22,2106.13791351677,1,23,2106.13791351677,1,24,2106.13791351677,1,25,2106.13791351677,1,26,2106.13791351677,1,27
2232.00577749175,0,0,2105.89144377455,1,1,2105.89144377455,1,2,2105.89144377455,1,3,2105.89144377455,1,4,2105.89144377455,1,5,2105.89144377455,1,6,2105.89144377455,1,7,2105.89144377455,1,8,2105.89144377455,1,9,2105.89144377455,1,10,2105.89144377455,1,11,2105.89144377455,1,12,2105.89144377455,1,13,2105.89144377455,1,14,2105.89144377455,1,15,2105.89144377455,1,16,2105.89144377455,1,17,2105.89144377455,1,18,2105.89144377455,1,19,2105.89144377455,1,20,2105.89144377455,1,21,2105.89144377455,1,22,2105.89144377455,1,23,2105.89144377455,1,24,2105.89144377455,1,25,2105.89144377455,1,26,2105.89144377455,1,27
2237.52733837643,0,0,2103.43485065738,1,1,2103.43485065738,1,2,2103.43485065738,1,3,2103.43485065738,1,4,2103.43485065738,1,5,2103.43485065738,1,6,2103.43485065738,1,7,2103.43485065738,1,8,2103.43485065738,1,9,2103.43485065738,1,10,2103.43485065738,1,11,2103.43485065738,1,12,2103.43485065738,1,13,2103.43485065738,1,14,2103.43485065738,1,15,2103.43485065738,1,16,2103.43485065738,1,17,2103.43485065738,1,18,2103.43485065738,1,19,2103.43485065738,1,20,2103.43485065738,1,21,2103.43485065738,1,22,2103.43485065738,1,23,2103.43485065738,1,24,2103.43485065738,1,25,2103.43485065738,1,26,2103.43485065738,1,27
2240.10545692628,0,0,2098.76914809534,1,1,2098.76914809534,1,2,2098.76914809534,1,3,2098.76914809534,1,4,2098.76914809534,1,5,2098.76914809534,1,6,2098.76914809534,1,7,2098.76914809534,1,8,2098.76914809534,1,9,2098.76914809534,1,10,2098.76914809534,1,11,2098.76914809534,1,12,2098.76914809534,1,13,2098.76914809534,1,14,2098.76914809534,1,15,2098.76914809534,1,16,2098.76914809534,1,17,2098.76914809534,1,18,2098.76914809534,1,19,2098.76914809534,1,20,2098.76914809534,1,21,2098.76914809534,1,22,2098.76914809534,1,23,2098.76914809534,1,24,2098.76914809534,1,25,2098.76914809534,1,26,2098.76914809534,1,27
2239.47575189718,0,0,2091.74047722865,1,1,2091.74047722865,1,2,2091.74047722865,1,3,2091.74047722865,1,4,2091.74047722865,1,5,2091.74047722865,1,6,2091.74047722865,1,7,2091.74047722865,1,8,2091.74047722865,1,9,2091.74047722865,1,10,2091.74047722865,1,11,2091.74047722865,1,12,2091.74047722865,1,13,2091.74047722865,1,14,2091.74047722865,1,15,2091.74047722865,1,16,2091.74047722865,1,17,2091.74047722865,1,18,2091.74047722865,1,19,2091.74047722865,1,20,2091.74047722865,1,21,2091.74047722865,1,22,2091.74047722865,1,23,2091.74047722865,1,24,2091.74047722865,1,25,2091.74047722865,1,26,2091.74047722865,1,27
2235.25989573197,0,0,2082.07981252663,1,1,2082.07981252663,1,2,2082.07981252663,1,3,2082.07981252663,1,4,2082.07981252663,1,5,2082.07981252663,1,6,2082.07981252663,1,7,2082.07981252663,1,8,2082.07981252663,1,9,2082.07981252663,1,10,2082.07981252663,1,11,2082.07981252663,1,12,2082.07981252663,1,13,2082.07981252663,1,14,2082.07981252663,1,15,2082.07981252663,1,16,2082.07981252663,1,17,2082.07981252663,1,18,2082.07981252663,1,19,2082.07981252663,1,20,2082.07981252663,1,21,2082.07981252663,1,22,2082.07981252663,1,23,2082.07981252663,1,24,2082.07981252663,1,25,2082.07981252663,1,26,2082.07981252663,1,27
2225.39475629324,0,0,2068.26893939595,1,1,2068.26893939595,1,2,2068.26893939595,1,3,2068.26893939595,1,4,2068.26893939595,1,5,2068.26893939595,1,6,2068.26893939595,1,7,2068.26893939595,1,8,2068.26893939595,1,9,2068.26893939595,1,10,2068.26893939595,1,11,2068.26893939595,1,12,2068.26893939595,1,13,2068.26893939595,1,14,2068.26893939595,1,15,2068.26893939595,1,16,2068.26893939595,1,17,2068.26893939595,1,18,2068.26893939595,1,19,2068.26893939595,1,20,2068.26893939595,1,21,2068.26893939595,1,22,2068.26893939595,1,23,2068.26893939595,1,24,2068.26893939595,1,25,2068.26893939595,1,26,2068.26893939595,1,27
2216.32262649466,0,0,2056.10944735936,1,1,2056.10944735936,1,2,2056.10944735936,1,3,2056.10944735936,1,4,2056.10944735936,1,5,2056.10944735936,1,6,2056.10944735936,1,7,2056.10944735936,1,8,2056.10944735936,1,9,2056.10944735936,1,10,2056.10944735936,1,11,2056.10944735936,1,12,2056.10944735936,1,13,2056.10944735936,1,14,2056.10944735936,1,15,2056.10944735936,1,16,2056.10944735936,1,17,2056.10944735936,1,18,2056.10944735936,1,19,2056.10944735936,1,20,2056.10944735936,1,21,2056.10944735936,1,22,2056.10944735936,1,23,2056.10944735936,1,24,2056.10944735936,1,25,2056.10944735936,1,26,2056.10944735936,1,27
2212.4656044232,0,0,2049.12120425445,1,1,2049.12120425445,1,2,2049.12120425445,1,3,2049.12120425445,1,4,2049.12120425445,1,5,2049.12120425445,1,6,2049.12120425445,1,7,2049.12120425445,1,8,2049.12120425445,1,9,2049.12120425445,1,10,2049.12120425445,1,11,2049.12120425445,1,12,2049.12120425445,1,13,2049.12120425445,1,14,2049.12120425445,1,15,2049.12120425445,1,16,2049.12120425445,1,17,2049.12120425445,1,18,2049.12120425445,1,19,2049.12120425445,1,20,2049.12120425445,1,21,2049.12120425445,1,22,2049.12120425445,1,23,2049.12120425445,1,24,2049.12120425445,1,25,2049.12120425445,1,26,2049.12120425445,1,27
2208.10629341677,0,0,2042.17000296024,1,1,2042.17000296024,1,2,2042.17000296024,1,3,2042.17000296024,1,4,2042.17000296024,1,5,2042.17000296024,1,6,2042.17000296024,1,7,2042.17000296024,1,8,2042.17000296024,1,9,2042.17000296024,1,10,2042.17000296024,1,11,2042.17000296024,1,12,2042.17000296024,1,13,2042.17000296024,1,14,2042.17000296024,1,15,2042.17000296024,1,16,2042.17000296024,1,17,2042.17000296024,1,18,2042.17000296024,1,19,2042.17000296024,1,20,2042.17000296024,1,21,2042.17000296024,1,22,2042.17000296024,1,23,2042.17000296024,1,24,2042.17000296024,1,25,2042.17000296024,1,26,2042.17000296024,1,27
2203.19411963736,0,0,2035.21121425514,1,1,2035.21121425514,1,2,2035.21121425514,1,3,2035.21121425514,1,4,2035.21121425514,1,5,2035.21121425514,1,6,2035.21121425514,1,7,2035.21121425514,1,8,2035.21121425514,1,9,2035.21121425514,1,10,2035.21121425514,1,11,2035.21121425514,1,12,2035.21121425514,1,13,2035.21121425514,1,14,2035.21121425514,1,15,2035.21121425514,1,16,2035.21121425514,1,17,2035.21121425514,1,18,2035.21121425514,1,19,2035.21121425514,1,20,2035.21121425514,1,21,2035.21121425514,1,22,2035.21121425514,1,23,2035.21121425514,1,24,2035.21121425514,1,25,2035.21121425514,1,26,2035.21121425514,1,27
2197.68196080183,0,0,2028.19838812685,1,1,2028.19838812685,1,2,2028.19838812685,1,3,2028.19838812685,1,4,2028.19838812685,1,5,2028.19838812685,1,6,2028.19838812685,1,7,2028.19838812685,1,8,2028.19838812685,1,9,2028.19838812685,1,10,2028.19838812685,1,11,2028.19838812685,1,12,2028.19838812685,1,13,2028.19838812685,1,14,2028.19838812685,1,15,2028.19838812685,1,16,2028.19838812685,1,17,2028.19838812685,1,18,2028.19838812685,1,19,2028.19838812685,1,20,2028.19838812685,1,21,2028.19838812685,1,22,2028.19838812685,1,23,2028.19838812685,1,24,2028.19838812685,1,25,2028.19838812685,1,26,2028.19838812685,1,27
2191.47084862089,0,0,2021.02716347638,1,1,2021.02716347638,1,2,2021.02716347638,1,3,2021.02716347638,1,4,2021.02716347638,1,5,2021.02716347638,1,6,2021.02716347638,1,7,2021.02716347638,1,8,2021.02716347638,1,9,2021.02716347638,1,10,2021.02716347638,1,11,2021.02716347638,1,12,2021.02716347638,1,13,2021.02716347638,1,14,2021.02716347638,1,15,2021.02716347638,1,16,2021.02716347638,1,17,2021.02716347638,1,18,2021.02716347638,1,19,2021.02716347638,1,20,2021.02716347638,1,21,2021.02716347638,1,22,2021.02716347638,1,23,2021.02716347638,1,24,2021.02716347638,1,25,2021.02716347638,1,26,2021.02716347638,1,27
2184.79358020397,0,0,2013.91945687893,1,1,2013.91945687893,1,2,2013.91945687893,1,3,2013.91945687893,1,4,2013.91945687893,1,5,2013.91945687893,1,6,2013.91945687893,1,7,2013.91945687893,1,8,2013.91945687893,1,9,2013.91945687893,1,10,2013.91945687893,1,11,2013.91945687893,1,12,2013.91945687893,1,13,2013.91945687893,1,14,2013.91945687893,1,15,2013.91945687893,1,16,2013.91945687893,1,17,2013.91945687893,1,18,2013.91945687893,1,19,2013.91945687893,1,20,2013.91945687893,1,21,2013.91945687893,1,22,2013.91945687893,1,23,2013.91945687893,1,24,2013.91945687893,1,25,2013.91945687893,1,26,2013.91945687893,1,27
2177.72151243598,0,0,2006.92792653293,1,1,2006.92792653293,1,2,2006.92792653293,1,3,2006.92792653293,1,4,2006.92792653293,1,5,2006.92792653293,1,6,2006.92792653293,1,7,2006.92792653293,1,8,2006.92792653293,1,9,2006.92792653293,1,10,2006.92792653293,1,11,2006.92792653293,1,12,2006.92792653293,1,13,2006.92792653293,1,14,2006.92792653293,1,15,2006.92792653293,1,16,2006.92792653293,1,17,2006.92792653293,1,18,2006.92792653293,1,19,2006.92792653293,1,20,2006.92792653293,1,21,2006.92792653293,1,22,2006.92792653293,1,23,2006.92792653293,1,24,2006.92792653293,1,25,2006.92792653293,1,26,2006.92792653293,1,27
2170.23034822481,0,0,2000.00767555278,1,1,2000.00767555278,1,2,2000.00767555278,1,3,2000.00767555278,1,4,2000.00767555278,1,5,2000.00767555278,1,6,2000.00767555278,1,7,2000.00767555278,1,8,2000.00767555278,1,9,2000.00767555278,1,10,2000.00767555278,1,11,2000.00767555278,1,12,2000.00767555278,1,13,2000.00767555278,1,14,2000.00767555278,1,15,2000.00767555278,1,16,2000.00767555278,1,17,2000.00767555278,1,18,2000.00767555278,1,19,2000.00767555278,1,20,2000.00767555278,1,21,2000.00767555278,1,22,2000.00767555278,1,23,2000.00767555278,1,24,2000.00767555278,1,25,2000.00767555278,1,26,2000.00767555278,1,27
2162.2868681326,0,0,1993.10445724032,1,1,1993.10445724032,1,2,1993.10445724032,1,3,1993.10445724032,1,4,1993.10445724032,1,5,1993.10445724032,1,6,1993.10445724032,1,7,1993.10445724032,1,8,1993.10445724032,1,9,1993.10445724032,1,10,1993.10445724032,1,11,1993.10445724032,1,12,1993.10445724032,1,13,1993.10445724032,1,14,1993.10445724032,1,15,1993.10445724032,1,16,1993.10445724032,1,17,1993.10445724032,1,18,1993.10445724032,1,19,1993.10445724032,1,20,1993.10445724032,1,21,1993.10445724032,1,22,1993.10445724032,1,23,1993.10445724032,1,24,1993.10445724032,1,25,1993.10445724032,1,26,1993.10445724032,1,27
2153.77107411914,0,0,1986.07762650218,1,1,1986.07762650218,1,2,1986.07762650218,1,3,1986.07762650218,1,4,1986.07762650218,1,5,1986.07762650218,1,6,1986.07762650218,1,7,1986.07762650218,1,8,1986.07762650218,1,9,1986.07762650218,1,10,1986.07762650218,1,11,1986.07762650218,1,12,1986.07762650218,1,13,1986.07762650218,1,14,1986.07762650218,1,15,1986.07762650218,1,16,1986.07762650218,1,17,1986.07762650218,1,18,1986.07762650218,1,19,1986.07762650218,1,20,1986.07762650218,1,21,1986.07762650218,1,22,1986.07762650218,1,23,1986.07762650218,1,24,1986.07762650218,1,25,1986.07762650218,1,26,1986.07762650218,1,27
2145.09104952956,0,0,1979.28232952715,1,1,1979.28232952715,1,2,1979.28232952715,1,3,1979.28232952715,1,4,1979.28232952715,1,5,1979.28232952715,1,6,1979.28232952715,1,7,1979.28232952715,1,8,1979.28232952715,1,9,1979.28232952715,1,10,1979.28232952715,1,11,1979.28232952715,1,12,1979.28232952715,1,13,1979.28232952715,1,14,1979.28232952715,1,15,1979.28232952715,1,16,1979.28232952715,1,17,1979.28232952715,1,18,1979.28232952715,1,19,1979.28232952715,1,20,1979.28232952715,1,21,1979.28232952715,1,22,1979.28232952715,1,23,1979.28232952715,1,24,1979.28232952715,1,25,1979.28232952715,1,26,1979.28232952715,1,27
2136.38310730523,0,0,1972.80765838087,1,1,1972.80765838087,1,2,1972.80765838087,1,3,1972.80765838087,1,4,1972.80765838087,1,5,1972.80765838087,1,6,1972.80765838087,1,7,1972.80765838087,1,8,1972.80765838087,1,9,1972.80765838087,1,10,1972.80765838087,1,11,1972.80765838087,1,12,1972.80765838087,1,13,1972.80765838087,1,14,1972.80765838087,1,15,1972.80765838087,1,16,1972.80765838087,1,17,1972.80765838087,1,18,1972.80765838087,1,19,1972.80765838087,1,20,1972.80765838087,1,21,1972.80765838087,1,22,1972.80765838087,1,23,1972.80765838087,1,24,1972.80765838087,1,25,1972.80765838087,1,26,1972.80765838087,1,27
2127.62615495584,0,0,1966.59399452601,1,1,1966.59399452601,1,2,1966.59399452601,1,3,1966.59399452601,1,4,1966.59399452601,1,5,1966.59399452601,1,6,1966.59399452601,1,7,1966.59399452601,1,8,1966.59399452601,1,9,1966.59399452601,1,10,1966.59399452601,1,11,1966.59399452601,1,12,1966.59399452601,1,13,1966.59399452601,1,14,1966.59399452601,1,15,1966.59399452601,1,16,1966.59399452601,1,17,1966.59399452601,1,18,1966.59399452601,1,19,1966.59399452601,1,20,1966.59399452601,1,21,1966.59399452601,1,22,1966.59399452601,1,23,1966.59399452601,1,24,1966.59399452601,1,25,1966.59399452601,1,26,1966.59399452601,1,27
2118.78470882318,0,0,1960.57178540527,1,1,1960.57178540527,1,2,1960.57178540527,1,3,1960.57178540527,1,4,1960.57178540527,1,5,1960.57178540527,1,6,1960.57178540527,1,7,1960.57178540527,1,8,1960.57178540527,1,9,1960.57178540527,1,10,1960.57178540527,1,11,1960.57178540527,1,12,1960.57178540527,1,13,1960.57178540527,1,14,1960.57178540527,1,15,1960.57178540527,1,16,1960.57178540527,1,17,1960.57178540527,1,18,1960.57178540527,1,19,1960.57178540527,1,20,1960.57178540527,1,21,1960.57178540527,1,22,1960.57178540527,1,23,1960.57178540527,1,24,1960.57178540527,1,25,1960.57178540527,1,26,1960.57178540527,1,27
2109.72082652816,0,0,1954.57712546171,1,1,1954.57712546171,1,2,1954.57712546171,1,3,1954.57712546171,1,4,1954.57712546171,1,5,1954.57712546171,1,6,1954.57712546171,1,7,1954.57712546171,1,8,1954.57712546171,1,9,1954.57712546171,1,10,1954.57712546171,1,11,1954.57712546171,1,12,1954.57712546171,1,13,1954.57712546171,1,14,1954.57712546171,1,15,1954.57712546171,1,16,1954.57712546171,1,17,1954.57712546171,1,18,1954.57712546171,1,19,1954.57712546171,1,20,1954.57712546171,1,21,1954.57712546171,1,22,1954.57712546171,1,23,1954.57712546171,1,24,1954.57712546171,1,25,1954.57712546171,1,26,1954.57712546171,1,27
2100.93425214055,0,0,1949.02684369247,1,1,1949.02684369247,1,2,1949.02684369247,1,3,1949.02684369247,1,4,1949.02684369247,1,5,1949.02684369247,1,6,1949.02684369247,1,7,1949.02684369247,1,8,1949.02684369247,1,9,1949.02684369247,1,10,1949.02684369247,1,11,1949.02684369247,1,12,1949.02684369247,1,13,1949.02684369247,1,14,1949.02684369247,1,15,1949.02684369247,1,16,1949.02684369247,1,17,1949.02684369247,1,18,1949.02684369247,1,19,1949.02684369247,1,20,1949.02684369247,1,21,1949.02684369247,1,22,1949.02684369247,1,23,1949.02684369247,1,24,1949.02684369247,1,25,1949.02684369247,1,26,1949.02684369247,1,27
2092.57182730925,0,0,1944.01009000643,1,1,1944.01009000643,1,2,1944.01009000643,1,3,1944.01009000643,1,4,1944.01009000643,1,5,1944.01009000643,1,6,1944.01009000643,1,7,1944.01009000643,1,8,1944.01009000643,1,9,1944.01009000643,1,10,1944.01009000643,1,11,1944.01009000643,1,12,1944.01009000643,1,13,1944.01009000643,1,14,1944.01009000643,1,15,1944.01009000643,1,16,1944.01009000643,1,17,1944.01009000643,1,18,1944.01009000643,1,19,1944.01009000643,1,20,1944.01009000643,1,21,1944.01009000643,1,22,1944.01009000643,1,23,1944.01009000643,1,24,1944.01009000643,1,25,1944.01009000643,1,26,1944.01009000643,1,27
2084.59125542582,0,0,1939.4489102733,1,1,1939.4489102733,1,2,1939.4489102733,1,3,1939.4489102733,1,4,1939.4489102733,1,5,1939.4489102733,1,6,1939.4489102733,1,7,1939.4489102733,1,8,1939.4489102733,1,9,1939.4489102733,1,10,1939.4489102733,1,11,1939.4489102733,1,12,1939.4489102733,1,13,1939.4489102733,1,14,1939.4489102733,1,15,1939.4489102733,1,16,1939.4489102733,1,17,1939.4489102733,1,18,1939.4489102733,1,19,1939.4489102733,1,20,1939.4489102733,1,21,1939.4489102733,1,22,1939.4489102733,1,23,1939.4489102733,1,24,1939.4489102733,1,25,1939.4489102733,1,26,1939.4489102733,1,27
2076.94199666887,0,0,1935.26314813377,1,1,1935.26314813377,1,2,1935.26314813377,1,3,1935.26314813377,1,4,1935.26314813377,1,5,1935.26314813377,1,6,1935.26314813377,1,7,1935.26314813377,1,8,1935.26314813377,1,9,1935.26314813377,1,10,1935.26314813377,1,11,1935.26314813377,1,12,1935.26314813377,1,13,1935.26314813377,1,14,1935.26314813377,1,15,1935.26314813377,1,16,1935.26314813377,1,17,1935.26314813377,1,18,1935.26314813377,1,19,1935.26314813377,1,20,1935.26314813377,1,21,1935.26314813377,1,22,1935.26314813377,1,23,1935.26314813377,1,24,1935.26314813377,1,25,1935.26314813377,1,26,1935.26314813377,1,27
2069.48926883064,0,0,1931.29858417087,1,1,1931.29858417087,1,2,1931.29858417087,1,3,1931.29858417087,1,4,1931.29858417087,1,5,1931.29858417087,1,6,1931.29858417087,1,7,1931.29858417087,1,8,1931.29858417087,1,9,1931.29858417087,1,10,1931.29858417087,1,11,1931.29858417087,1,12,1931.29858417087,1,13,1931.29858417087,1,14,1931.29858417087,1,15,1931.29858417087,1,16,1931.29858417087,1,17,1931.29858417087,1,18,1931.29858417087,1,19,1931.29858417087,1,20,1931.29858417087,1,21,1931.29858417087,1,22,1931.29858417087,1,23,1931.29858417087,1,24,1931.29858417087,1,25,1931.29858417087,1,26,1931.29858417087,1,27
2062.67638614895,0,0,1927.9190031176,1,1,1927.9190031176,1,2,1927.9190031176,1,3,1927.9190031176,1,4,1927.9190031176,1,5,1927.9190031176,1,6,1927.9190031176,1,7,1927.9190031176,1,8,1927.9190031176,1,9,1927.9190031176,1,10,1927.9190031176,1,11,1927.9190031176,1,12,1927.9190031176,1,13,1927.9190031176,1,14,1927.9190031176,1,15,1927.9190031176,1,16,1927.9190031176,1,17,1927.9190031176,1,18,1927.9190031176,1,19,1927.9190031176,1,20,1927.9190031176,1,21,1927.9190031176,1,22,1927.9190031176,1,23,1927.9190031176,1,24,1927.9190031176,1,25,1927.9190031176,1,26,1927.9190031176,1,27
2056.59040806268,0,0,1925.16969726716,1,1,1925.16969726716,1,2,1925.16969726716,1,3,1925.16969726716,1,4,1925.16969726716,1,5,1925.16969726716,1,6,1925.16969726716,1,7,1925.16969726716,1,8,1925.16969726716,1,9,1925.16969726716,1,10,1925.16969726716,1,11,1925.16969726716,1,12,1925.16969726716,1,13,1925.16969726716,1,14,1925.16969726716,1,15,1925.16969726716,1,16,1925.16969726716,1,17,1925.16969726716,1,18,1925.16969726716,1,19,1925.16969726716,1,20,1925.16969726716,1,21,1925.16969726716,1,22,1925.16969726716,1,23,1925.16969726716,1,24,1925.16969726716,1,25,1925.16969726716,1,26,1925.16969726716,1,27
2051.15284390374,0,0,1922.95490070445,1,1,1922.95490070445,1,2,1922.95490070445,1,3,1922.95490070445,1,4,1922.95490070445,1,5,1922.95490070445,1,6,1922.95490070445,1,7,1922.95490070445,1,8,1922.95490070445,1,9,1922.95490070445,1,10,1922.95490070445,1,11,1922.95490070445,1,12,1922.95490070445,1,13,1922.95490070445,1,14,1922.95490070445,1,15,1922.95490070445,1,16,1922.95490070445,1,17,1922.95490070445,1,18,1922.95490070445,1,19,1922.95490070445,1,20,1922.95490070445,1,21,1922.95490070445,1,22,1922.95490070445,1,23,1922.95490070445,1,24,1922.95490070445,1,25,1922.95490070445,1,26,1922.95490070445,1,27
2045.84554540331,0,0,1920.70995741502,1,1,1920.70995741502,1,2,1920.70995741502,1,3,1920.70995741502,1,4,1920.70995741502,1,5,1920.70995741502,1,6,1920.70995741502,1,7,1920.70995741502,1,8,1920.70995741502,1,9,1920.70995741502,1,10,1920.70995741502,1,11,1920.70995741502,1,12,1920.70995741502,1,13,1920.70995741502,1,14,1920.70995741502,1,15,1920.70995741502,1,16,1920.70995741502,1,17,1920.70995741502,1,18,1920.70995741502,1,19,1920.70995741502,1,20,1920.70995741502,1,21,1920.70995741502,1,22,1920.70995741502,1,23,1920.70995741502,1,24,1920.70995741502,1,25,1920.70995741502,1,26,1920.70995741502,1,27
2038.87116384856,0,0,1916.87542274532,1,1,1916.87542274532,1,2,1916.87542274532,1,3,1916.87542274532,1,4,1916.87542274532,1,5,1916.87542274532,1,6,1916.87542274532,1,7,1916.87542274532,1,8,1916.87542274532,1,9,1916.87542274532,1,10,1916.87542274532,1,11,1916.87542274532,1,12,1916.87542274532,1,13,1916.87542274532,1,14,1916.87542274532,1,15,1916.87542274532,1,16,1916.87542274532,1,17,1916.87542274532,1,18,1916.87542274532,1,19,1916.87542274532,1,20,1916.87542274532,1,21,1916.87542274532,1,22,1916.87542274532,1,23,1916.87542274532,1,24,1916.87542274532,1,25,1916.87542274532,1,26,1916.87542274532,1,27
2026.04741071472,0,0,1907.96201356035,1,1,1907.96201356035,1,2,1907.96201356035,1,3,1907.96201356035,1,4,1907.96201356035,1,5,1907.96201356035,1,6,1907.96201356035,1,7,1907.96201356035,1,8,1907.96201356035,1,9,1907.96201356035,1,10,1907.96201356035,1,11,1907.96201356035,1,12,1907.96201356035,1,13,1907.96201356035,1,14,1907.96201356035,1,15,1907.96201356035,1,16,1907.96201356035,1,17,1907.96201356035,1,18,1907.96201356035,1,19,1907.96201356035,1,20,1907.96201356035,1,21,1907.96201356035,1,22,1907.96201356035,1,23,1907.96201356035,1,24,1907.96201356035,1,25,1907.96201356035,1,26,1907.96201356035,1,27
2007.69143788571,0,0,1894.20152890541,1,1,1894.20152890541,1,2,1894.20152890541,1,3,1894.20152890541,1,4,1894.20152890541,1,5,1894.20152890541,1,6,1894.20152890541,1,7,1894.20152890541,1,8,1894.20152890541,1,9,1894.20152890541,1,10,1894.20152890541,1,11,1894.20152890541,1,12,1894.20152890541,1,13,1894.20152890541,1,14,1894.20152890541,1,15,1894.20152890541,1,16,1894.20152890541,1,17,1894.20152890541,1,18,1894.20152890541,1,19,1894.20152890541,1,20,1894.20152890541,1,21,1894.20152890541,1,22,1894.20152890541,1,23,1894.20152890541,1,24,1894.20152890541,1,25,1894.20152890541,1,26,1894.20152890541,1,27
1984.09072630857,0,0,1875.80102649944,1,1,1875.80102649944,1,2,1875.80102649944,1,3,1875.80102649944,1,4,1875.80102649944,1,5,1875.80102649944,1,6,1875.80102649944,1,7,1875.80102649944,1,8,1875.80102649944,1,9,1875.80102649944,1,10,1875.80102649944,1,11,1875.80102649944,1,12,1875.80102649944,1,13,1875.80102649944,1,14,1875.80102649944,1,15,1875.80102649944,1,16,1875.80102649944,1,17,1875.80102649944,1,18,1875.80102649944,1,19,1875.80102649944,1,20,1875.80102649944,1,21,1875.80102649944,1,22,1875.80102649944,1,23,1875.80102649944,1,24,1875.80102649944,1,25,1875.80102649944,1,26,1875.80102649944,1,27
1952.92198770418,0,0,1850.77136800407,1,1,1850.77136800407,1,2,1850.77136800407,1,3,1850.77136800407,1,4,1850.77136800407,1,5,1850.77136800407,1,6,1850.77136800407,1,7,1850.77136800407,1,8,1850.77136800407,1,9,1850.77136800407,1,10,1850.77136800407,1,11,1850.77136800407,1,12,1850.77136800407,1,13,1850.77136800407,1,14,1850.77136800407,1,15,1850.77136800407,1,16,1850.77136800407,1,17,1850.77136800407,1,18,1850.77136800407,1,19,1850.77136800407,1,20,1850.77136800407,1,21,1850.77136800407,1,22,1850.77136800407,1,23,1850.77136800407,1,24,1850.77136800407,1,25,1850.77136800407,1,26,1850.77136800407,1,27
1908.55830183297,0,0,1814.29466404658,1,1,1814.29466404658,1,2,1814.29466404658,1,3,1814.29466404658,1,4,1814.29466404658,1,5,1814.29466404658,1,6,1814.29466404658,1,7,1814.29466404658,1,8,1814.29466404658,1,9,1814.29466404658,1,10,1814.29466404658,1,11,1814.29466404658,1,12,1814.29466404658,1,13,1814.29466404658,1,14,1814.29466404658,1,15,1814.29466404658,1,16,1814.29466404658,1,17,1814.29466404658,1,18,1814.29466404658,1,19,1814.29466404658,1,20,1814.29466404658,1,21,1814.29466404658,1,22,1814.29466404658,1,23,1814.29466404658,1,24,1814.29466404658,1,25,1814.29466404658,1,26,1814.29466404658,1,27
1856.29115408226,0,0,1770.7320176939,1,1,1770.7320176939,1,2,1770.7320176939,1,3,1770.7320176939,1,4,1770.7320176939,1,5,1770.7320176939,1,6,1770.7320176939,1,7,1770.7320176939,1,8,1770.7320176939,1,9,1770.7320176939,1,10,1770.7320176939,1,11,1770.7320176939,1,12,1770.7320176939,1,13,1770.7320176939,1,14,1770.7320176939,1,15,1770.7320176939,1,16,1770.7320176939,1,17,1770.7320176939,1,18,1770.7320176939,1,19,1770.7320176939,1,20,1770.7320176939,1,21,1770.7320176939,1,22,1770.7320176939,1,23,1770.7320176939,1,24,1770.7320176939,1,25,1770.7320176939,1,26,1770.7320176939,1,27
1798.30791223489,0,0,1721.8668319027,1,1,1721.8668319027,1,2,1721.8668319027,1,3,1721.8668319027,1,4,1721.8668319027,1,5,1721.8668319027,1,6,1721.8668319027,1,7,1721.8668319027,1,8,1721.8668319027,1,9,1721.8668319027,1,10,1721.8668319027,1,11,1721.8668319027,1,12,1721.8668319027,1,13,1721.8668319027,1,14,1721.8668319027,1,15,1721.8668319027,1,16,1721.8668319027,1,17,1721.8668319027,1,18,1721.8668319027,1,19,1721.8668319027,1,20,1721.8668319027,1,21,1721.8668319027,1,22,1721.8668319027,1,23,1721.8668319027,1,24,1721.8668319027,1,25,1721.8668319027,1,26,1721.8668319027,1,27
1739.20656412402,0,0,1671.57740260268,1,1,1671.57740260268,1,2,1671.57740260268,1,3,1671.57740260268,1,4,1671.57740260268,1,5,1671.57740260268,1,6,1671.57740260268,1,7,1671.57740260268,1,8,1671.57740260268,1,9,1671.57740260268,1,10,1671.57740260268,1,11,1671.57740260268,1,12,1671.57740260268,1,13,1671.57740260268,1,14,1671.57740260268,1,15,1671.57740260268,1,16,1671.57740260268,1,17,1671.57740260268,1,18,1671.57740260268,1,19,1671.57740260268,1,20,1671.57740260268,1,21,1671.57740260268,1,22,1671.57740260268,1,23,1671.57740260268,1,24,1671.57740260268,1,25,1671.57740260268,1,26,1671.57740260268,1,27
1686.90549547623,0,0,1627.5279321458,1,1,1627.5279321458,1,2,1627.5279321458,1,3,1627.5279321458,1,4,1627.5279321458,1,5,1627.5279321458,1,6,1627.5279321458,1,7,1627.5279321458,1,8,1627.5279321458,1,9,1627.5279321458,1,10,1627.5279321458,1,11,1627.5279321458,1,12,1627.5279321458,1,13,1627.5279321458,1,14,1627.5279321458,1,15,1627.5279321458,1,16,1627.5279321458,1,17,1627.5279321458,1,18,1627.5279321458,1,19,1627.5279321458,1,20,1627.5279321458,1,21,1627.5279321458,1,22,1627.5279321458,1,23,1627.5279321458,1,24,1627.5279321458,1,25,1627.5279321458,1,26,1627.5279321458,1,27
1653.4437191705,0,0,1601.80307258264,1,1,1601.80307258264,1,2,1601.80307258264,1,3,1601.80307258264,1,4,1601.80307258264,1,5,1601.80307258264,1,6,1601.80307258264,1,7,1601.80307258264,1,8,1601.80307258264,1,9,1601.80307258264,1,10,1601.80307258264,1,11,1601.80307258264,1,12,1601.80307258264,1,13,1601.80307258264,1,14,1601.80307258264,1,15,1601.80307258264,1,16,1601.80307258264,1,17,1601.80307258264,1,18,1601.80307258264,1,19,1601.80307258264,1,20,1601.80307258264,1,21,1601.80307258264,1,22,1601.80307258264,1,23,1601.80307258264,1,24,1601.80307258264,1,25,1601.80307258264,1,26,1601.80307258264,1,27
1614.97117836749,0,0,1571.22883188362,1,1,1571.22883188362,1,2,1571.22883188362,1,3,1571.22883188362,1,4,1571.22883188362,1,5,1571.22883188362,1,6,1571.22883188362,1,7,1571.22883188362,1,8,1571.22883188362,1,9,1571.22883188362,1,10,1571.22883188362,1,11,1571.22883188362,1,12,1571.22883188362,1,13,1571.22883188362,1,14,1571.22883188362,1,15,1571.22883188362,1,16,1571.22883188362,1,17,1571.22883188362,1,18,1571.22883188362,1,19,1571.22883188362,1,20,1571.22883188362,1,21,1571.22883188362,1,22,1571.22883188362,1,23,1571.22883188362,1,24,1571.22883188362,1,25,1571.22883188362,1,26,1571.22883188362,1,27
1584.56565099905,0,0,1547.14963147603,1,1,1547.14963147603,1,2,1547.14963147603,1,3,1547.14963147603,1,4,1547.14963147603,1,5,1547.14963147603,1,6,1547.14963147603,1,7,1547.14963147603,1,8,1547.14963147603,1,9,1547.14963147603,1,10,1547.14963147603,1,11,1547.14963147603,1,12,1547.14963147603,1,13,1547.14963147603,1,14,1547.14963147603,1,15,1547.14963147603,1,16,1547.14963147603,1,17,1547.14963147603,1,18,1547.14963147603,1,19,1547.14963147603,1,20,1547.14963147603,1,21,1547.14963147603,1,22,1547.14963147603,1,23,1547.14963147603,1,24,1547.14963147603,1,25,1547.14963147603,1,26,1547.14963147603,1,27
1547.80979069131,0,0,1517.07486451652,1,1,1517.07486451652,1,2,1517.07486451652,1,3,1517.07486451652,1,4,1517.07486451652,1,5,1517.07486451652,1,6,1517.07486451652,1,7,1517.07486451652,1,8,1517.07486451652,1,9,1517.07486451652,1,10,1517.07486451652,1,11,1517.07486451652,1,12,1517.07486451652,1,13,1517.07486451652,1,14,1517.07486451652,1,15,1517.07486451652,1,16,1517.07486451652,1,17,1517.07486451652,1,18,1517.07486451652,1,19,1517.07486451652,1,20,1517.07486451652,1,21,1517.07486451652,1,22,1517.07486451652,1,23,1517.07486451652,1,24,1517.07486451652,1,25,1517.07486451652,1,26,1517.07486451652,1,27
1504.57857969041,0,0,1480.78840911838,1,1,1480.78840911838,1,2,1480.78840911838,1,3,1480.78840911838,1,4,1480.78840911838,1,5,1480.78840911838,1,6,1480.78840911838,1,7,1480.78840911838,1,8,1480.78840911838,1,9,1480.78840911838,1,10,1480.78840911838,1,11,1480.78840911838,1,12,1480.78840911838,1,13,1480.78840911838,1,14,1480.78840911838,1,15,1480.78840911838,1,16,1480.78840911838,1,17,1480.78840911838,1,18,1480.78840911838,1,19,1480.78840911838,1,20,1480.78840911838,1,21,1480.78840911838,1,22,1480.78840911838,1,23,1480.78840911838,1,24,1480.78840911838,1,25,1480.78840911838,1,26,1480.78840911838,1,27
1458.83397583824,0,0,1441.7452282529,1,1,1441.7452282529,1,2,1441.7452282529,1,3,1441.7452282529,1,4,1441.7452282529,1,5,1441.7452282529,1,6,1441.7452282529,1,7,1441.7452282529,1,8,1441.7452282529,1,9,1441.7452282529,1,10,1441.7452282529,1,11,1441.7452282529,1,12,1441.7452282529,1,13,1441.7452282529,1,14,1441.7452282529,1,15,1441.7452282529,1,16,1441.7452282529,1,17,1441.7452282529,1,18,1441.7452282529,1,19,1441.7452282529,1,20,1441.7452282529,1,21,1441.7452282529,1,22,1441.7452282529,1,23,1441.7452282529,1,24,1441.7452282529,1,25,1441.7452282529,1,26,1441.7452282529,1,27
1413.23415590747,0,0,1402.32088770919,1,1,1402.32088770919,1,2,1402.32088770919,1,3,1402.32088770919,1,4,1402.32088770919,1,5,1402.32088770919,1,6,1402.32088770919,1,7,1402.32088770919,1,8,1402.32088770919,1,9,1402.32088770919,1,10,1402.32088770919,1,11,1402.32088770919,1,12,1402.32088770919,1,13,1402.32088770919,1,14,1402.32088770919,1,15,1402.32088770919,1,16,1402.32088770919,1,17,1402.32088770919,1,18,1402.32088770919,1,19,1402.32088770919,1,20,1402.32088770919,1,21,1402.32088770919,1,22,1402.32088770919,1,23,1402.32088770919,1,24,1402.32088770919,1,25,1402.32088770919,1,26,1402.32088770919,1,27
1368.06340807678,0,0,1362.78699318313,1,1,1362.78699318313,1,2,1362.78699318313,1,3,1362.78699318313,1,4,1362.78699318313,1,5,1362.78699318313,1,6,1362.78699318313,1,7,1362.78699318313,1,8,1362.78699318313,1,9,1362.78699318313,1,10,1362.78699318313,1,11,1362.78699318313,1,12,1362.78699318313,1,13,1362.78699318313,1,14,1362.78699318313,1,15,1362.78699318313,1,16,1362.78699318313,1,17,1362.78699318313,1,18,1362.78699318313,1,19,1362.78699318313,1,20,1362.78699318313,1,21,1362.78699318313,1,22,1362.78699318313,1,23,1362.78699318313,1,24,1362.78699318313,1,25,1362.78699318313,1,26,1362.78699318313,1,27
1322.55408112776,0,0,1322.47572416159,1,1,1322.47572416159,1,2,1322.47572416159,1,3,1322.47572416159,1,4,1322.47572416159,1,5,1322.47572416159,1,6,1322.47572416159,1,7,1322.47572416159,1,8,1322.47572416159,1,9,1322.47572416159,1,10,1322.47572416159,1,11,1322.47572416159,1,12,1322.47572416159,1,13,1322.47572416159,1,14,1322.47572416159,1,15,1322.47572416159,1,16,1322.47572416159,1,17,1322.47572416159,1,18,1322.47572416159,1,19,1322.47572416159,1,20,1322.47572416159,1,21,1322.47572416159,1,22,1322.47572416159,1,23,1322.47572416159,1,24,1322.47572416159,1,25,1322.47572416159,1,26,1322.47572416159,1,27
1275.0875996769,0,0,1280.07381638378,1,1,1280.07381638378,1,2,1280.07381638378,1,3,1280.07381638378,1,4,1280.07381638378,1,5,1280.07381638378,1,6,1280.07381638378,1,7,1280.07381638378,1,8,1280.07381638378,1,9,1280.07381638378,1,10,1280.07381638378,1,11,1280.07381638378,1,12,1280.07381638378,1,13,1280.07381638378,1,14,1280.07381638378,1,15,1280.07381638378,1,16,1280.07381638378,1,17,1280.07381638378,1,18,1280.07381638378,1,19,1280.07381638378,1,20,1280.07381638378,1,21,1280.07381638378,1,22,1280.07381638378,1,23,1280.07381638378,1,24,1280.07381638378,1,25,1280.07381638378,1,26,1280.07381638378,1,27
1229.16309644093,0,0,1238.82245751071,1,1,1238.82245751071,1,2,1238.82245751071,1,3,1238.82245751071,1,4,1238.82245751071,1,5,1238.82245751071,1,6,1238.82245751071,1,7,1238.82245751071,1,8,1238.82245751071,1,9,1238.82245751071,1,10,1238.82245751071,1,11,1238.82245751071,1,12,1238.82245751071,1,13,1238.82245751071,1,14,1238.82245751071,1,15,1238.82245751071,1,16,1238.82245751071,1,17,1238.82245751071,1,18,1238.82245751071,1,19,1238.82245751071,1,20,1238.82245751071,1,21,1238.82245751071,1,22,1238.82245751071,1,23,1238.82245751071,1,24,1238.82245751071,1,25,1238.82245751071,1,26,1238.82245751071,1,27
1187.84688020203,0,0,1201.30788665974,1,1,1201.30788665974,1,2,1201.30788665974,1,3,1201.30788665974,1,4,1201.30788665974,1,5,1201.30788665974,1,6,1201.30788665974,1,7,1201.30788665974,1,8,1201.30788665974,1,9,1201.30788665974,1,10,1201.30788665974,1,11,1201.30788665974,1,12,1201.30788665974,1,13,1201.30788665974,1,14,1201.30788665974,1,15,1201.30788665974,1,16,1201.30788665974,1,17,1201.30788665974,1,18,1201.30788665974,1,19,1201.30788665974,1,20,1201.30788665974,1,21,1201.30788665974,1,22,1201.30788665974,1,23,1201.30788665974,1,24,1201.30788665974,1,25,1201.30788665974,1,26,1201.30788665974,1,27
1148.05373046708,0,0,1164.79694607064,1,1,1164.79694607064,1,2,1164.79694607064,1,3,1164.79694607064,1,4,1164.79694607064,1,5,1164.79694607064,1,6,1164.79694607064,1,7,1164.79694607064,1,8,1164.79694607064,1,9,1164.79694607064,1,10,1164.79694607064,1,11,1164.79694607064,1,12,1164.79694607064,1,13,1164.79694607064,1,14,1164.79694607064,1,15,1164.79694607064,1,16,1164.79694607064,1,17,1164.79694607064,1,18,1164.79694607064,1,19,1164.79694607064,1,20,1164.79694607064,1,21,1164.79694607064,1,22,1164.79694607064,1,23,1164.79694607064,1,24,1164.79694607064,1,25,1164.79694607064,1,26,1164.79694607064,1,27
1109.79760479727,0,0,1129.3417722369,1,1,1129.3417722369,1,2,1129.3417722369,1,3,1129.3417722369,1,4,1129.3417722369,1,5,1129.3417722369,1,6,1129.3417722369,1,7,1129.3417722369,1,8,1129.3417722369,1,9,1129.3417722369,1,10,1129.3417722369,1,11,1129.3417722369,1,12,1129.3417722369,1,13,1129.3417722369,1,14,1129.3417722369,1,15,1129.3417722369,1,16,1129.3417722369,1,17,1129.3417722369,1,18,1129.3417722369,1,19,1129.3417722369,1,20,1129.3417722369,1,21,1129.3417722369,1,22,1129.3417722369,1,23,1129.3417722369,1,24,1129.3417722369,1,25,1129.3417722369,1,26,1129.3417722369,1,27
1073.17643788803,0,0,1095.08330621276,1,1,1095.08330621276,1,2,1095.08330621276,1,3,1095.08330621276,1,4,1095.08330621276,1,5,1095.08330621276,1,6,1095.08330621276,1,7,1095.08330621276,1,8,1095.08330621276,1,9,1095.08330621276,1,10,1095.08330621276,1,11,1095.08330621276,1,12,1095.08330621276,1,13,1095.08330621276,1,14,1095.08330621276,1,15,1095.08330621276,1,16,1095.08330621276,1,17,1095.08330621276,1,18,1095.08330621276,1,19,1095.08330621276,1,20,1095.08330621276,1,21,1095.08330621276,1,22,1095.08330621276,1,23,1095.08330621276,1,24,1095.08330621276,1,25,1095.08330621276,1,26,1095.08330621276,1,27
1038.43094410677,0,0,1062.31236466711,1,1,1062.31236466711,1,2,1062.31236466711,1,3,1062.31236466711,1,4,1062.31236466711,1,5,1062.31236466711,1,6,1062.31236466711,1,7,1062.31236466711,1,8,1062.31236466711,1,9,1062.31236466711,1,10,1062.31236466711,1,11,1062.31236466711,1,12,1062.31236466711,1,13,1062.31236466711,1,14,1062.31236466711,1,15,1062.31236466711,1,16,1062.31236466711,1,17,1062.31236466711,1,18,1062.31236466711,1,19,1062.31236466711,1,20,1062.31236466711,1,21,1062.31236466711,1,22,1062.31236466711,1,23,1062.31236466711,1,24,1062.31236466711,1,25,1062.31236466711,1,26,1062.31236466711,1,27
1005.17859674157,0,0,1030.66534622813,1,1,1030.66534622813,1,2,1030.66534622813,1,3,1030.66534622813,1,4,1030.66534622813,1,5,1030.66534622813,1,6,1030.66534622813,1,7,1030.66534622813,1,8,1030.66534622813,1,9,1030.66534622813,1,10,1030.66534622813,1,11,1030.66534622813,1,12,1030.66534622813,1,13,1030.66534622813,1,14,1030.66534622813,1,15,1030.66534622813,1,16,1030.66534622813,1,17,1030.66534622813,1,18,1030.66534622813,1,19,1030.66534622813,1,20,1030.66534622813,1,21,1030.66534622813,1,22,1030.66534622813,1,23,1030.66534622813,1,24,1030.66534622813,1,25,1030.66534622813,1,26,1030.66534622813,1,27
973.351224229269,0,0,1000.11429797487,1,1,1000.11429797487,1,2,1000.11429797487,1,3,1000.11429797487,1,4,1000.11429797487,1,5,1000.11429797487,1,6,1000.11429797487,1,7,1000.11429797487,1,8,1000.11429797487,1,9,1000.11429797487,1,10,1000.11429797487,1,11,1000.11429797487,1,12,1000.11429797487,1,13,1000.11429797487,1,14,1000.11429797487,1,15,1000.11429797487,1,16,1000.11429797487,1,17,1000.11429797487,1,18,1000.11429797487,1,19,1000.11429797487,1,20,1000.11429797487,1,21,1000.11429797487,1,22,1000.11429797487,1,23,1000.11429797487,1,24,1000.11429797487,1,25,1000.11429797487,1,26,1000.11429797487,1,27
942.88412518186,0,0,970.631162574424,1,1,970.631162574424,1,2,970.631162574424,1,3,970.631162574424,1,4,970.631162574424,1,5,970.631162574424,1,6,970.631162574424,1,7,970.631162574424,1,8,970.631162574424,1,9,970.631162574424,1,10,970.631162574424,1,11,970.631162574424,1,12,970.631162574424,1,13,970.631162574424,1,14,970.631162574424,1,15,970.631162574424,1,16,970.631162574424,1,17,970.631162574424,1,18,970.631162574424,1,19,970.631162574424,1,20,970.631162574424,1,21,970.631162574424,1,22,970.631162574424,1,23,970.631162574424,1,24,970.631162574424,1,25,970.631162574424,1,26,970.631162574424,1,27
913.804173622564,0,0,942.280890633585,1,1,942.280890633585,1,2,942.280890633585,1,3,942.280890633585,1,4,942.280890633585,1,5,942.280890633585,1,6,942.280890633585,1,7,942.280890633585,1,8,942.280890633585,1,9,942.280890633585,1,10,942.280890633585,1,11,942.280890633585,1,12,942.280890633585,1,13,942.280890633585,1,14,942.280890633585,1,15,942.280890633585,1,16,942.280890633585,1,17,942.280890633585,1,18,942.280890633585,1,19,942.280890633585,1,20,942.280890633585,1,21,942.280890633585,1,22,942.280890633585,1,23,942.280890633585,1,24,942.280890633585,1,25,942.280890633585,1,26,942.280890633585,1,27
886.271805586246,0,0,915.26688635453,1,1,915.26688635453,1,2,915.26688635453,1,3,915.26688635453,1,4,915.26688635453,1,5,915.26688635453,1,6,915.26688635453,1,7,915.26688635453,1,8,915.26688635453,1,9,915.26688635453,1,10,915.26688635453,1,11,915.26688635453,1,12,915.26688635453,1,13,915.26688635453,1,14,915.26688635453,1,15,915.26688635453,1,16,915.26688635453,1,17,915.26688635453,1,18,915.26688635453,1,19,915.26688635453,1,20,915.26688635453,1,21,915.26688635453,1,22,915.26688635453,1,23,915.26688635453,1,24,915.26688635453,1,25,915.26688635453,1,26,915.26688635453,1,27
859.878550858356,0,0,889.190863801704,1,1,889.190863801704,1,2,889.190863801704,1,3,889.190863801704,1,4,889.190863801704,1,5,889.190863801704,1,6,889.190863801704,1,7,889.190863801704,1,8,889.190863801704,1,9,889.190863801704,1,10,889.190863801704,1,11,889.190863801704,1,12,889.190863801704,1,13,889.190863801704,1,14,889.190863801704,1,15,889.190863801704,1,16,889.190863801704,1,17,889.190863801704,1,18,889.190863801704,1,19,889.190863801704,1,20,889.190863801704,1,21,889.190863801704,1,22,889.190863801704,1,23,889.190863801704,1,24,889.190863801704,1,25,889.190863801704,1,26,889.190863801704,1,27
834.545146122492,0,0,864.001557595674,1,1,864.001557595674,1,2,864.001557595674,1,3,864.001557595674,1,4,864.001557595674,1,5,864.001557595674,1,6,864.001557595674,1,7,864.001557595674,1,8,864.001557595674,1,9,864.001557595674,1,10,864.001557595674,1,11,864.001557595674,1,12,864.001557595674,1,13,864.001557595674,1,14,864.001557595674,1,15,864.001557595674,1,16,864.001557595674,1,17,864.001557595674,1,18,864.001557595674,1,19,864.001557595674,1,20,864.001557595674,1,21,864.001557595674,1,22,864.001557595674,1,23,864.001557595674,1,24,864.001557595674,1,25,864.001557595674,1,26,864.001557595674,1,27
810.196069623323,0,0,839.648346654006,1,1,839.648346654006,1,2,839.648346654006,1,3,839.648346654006,1,4,839.648346654006,1,5,839.648346654006,1,6,839.648346654006,1,7,839.648346654006,1,8,839.648346654006,1,9,839.648346654006,1,10,839.648346654006,1,11,839.648346654006,1,12,839.648346654006,1,13,839.648346654006,1,14,839.648346654006,1,15,839.648346654006,1,16,839.648346654006,1,17,839.648346654006,1,18,839.648346654006,1,19,839.648346654006,1,20,839.648346654006,1,21,839.648346654006,1,22,839.648346654006,1,23,839.648346654006,1,24,839.648346654006,1,25,839.648346654006,1,26,839.648346654006,1,27
514.19716228052,0,0,816.04809755995,1,1,816.04809755995,1,2,816.04809755995,1,3,674.65663153972,1,4,674.65663153972,1,5,674.65663153972,1,6,533.265165519491,1,7,533.265165519491,1,8,533.265165519491,1,9,758.944428928958,1,10,758.944428928958,1,11,758.944428928958,1,12,646.104797224224,1,13,646.104797224224,1,14,646.104797224224,1,15,533.265165519491,1,16,533.265165519491,1,17,533.265165519491,1,18,701.840760297966,1,19,701.840760297966,1,20,701.840760297966,1,21,617.552962908728,1,22,617.552962908728,1,23,617.552962908728,1,24,533.265165519491,1,25,533.265165519491,1,26,533.265165519491,1,27
223.710694586623,0,0,793.384565355967,1,1,793.384565355967,1,2,793.384565355967,1,3,508.887324573057,1,4,508.887324573057,1,5,508.887324573057,1,6,233.772304051723,1,7,233.772304051723,1,8,233.772304051723,1,9,678.891350094412,1,10,678.891350094412,1,11,678.891350094412,1,12,454.540671197015,1,13,454.540671197015,1,14,454.540671197015,1,15,233.772304051723,1,16,233.772304051723,1,17,233.772304051723,1,18,568.164722121202,1,19,568.164722121202,1,20,568.164722121202,1,21,401.103959605653,1,22,401.103959605653,1,23,401.103959605653,1,24,233.772304051723,1,25,233.772304051723,1,26,233.772304051723,1,27
209.025349878583,0,0,771.4090197571,1,1,771.4090197571,1,2,771.4090197571,1,3,485.612437738287,1,4,485.612437738287,1,5,485.612437738287,1,6,219.956584909942,1,7,219.956584909942,1,8,219.956584909942,1,9,657.786794696826,1,10,657.786794696826,1,11,657.786794696826,1,12,435.033948380753,1,13,435.033948380753,1,14,435.033948380753,1,15,219.956584909942,1,16,219.956584909942,1,17,219.956584909942,1,18,552.164676939615,1,19,552.164676939615,1,20,552.164676939615,1,21,386.321933255914,1,22,386.321933255914,1,23,386.321933255914,1,24,219.956584909942,1,25,219.956584909942,1,26,219.956584909942,1,27
196.43592077622,0,0,750.069247131425,1,1,750.069247131425,1,2,750.069247131425,1,3,464.4490473792,1,4,464.4490473792,1,5,464.4490473792,1,6,207.905334519395,1,7,207.905334519395,1,8,207.905334519395,1,9,637.786376278924,1,10,637.786376278924,1,11,637.786376278924,1,12,417.312169404469,1,13,417.312169404469,1,14,417.312169404469,1,15,207.905334519395,1,16,207.905334519395,1,17,207.905334519395,1,18,536.920047212585,1,19,536.920047212585,1,20,536.920047212585,1,21,372.745696938483,1,22,372.745696938483,1,23,372.745696938483,1,24,207.905334519395,1,25,207.905334519395,1,26,207.905334519395,1,27
185.545510867591,0,0,729.31827876948,1,1,729.31827876948,1,2,729.31827876948,1,3,445.08011646666,1,4,445.08011646666,1,5,445.08011646666,1,6,197.298423080432,1,7,197.298423080432,1,8,197.298423080432,1,9,618.725060198927,1,10,618.725060198927,1,11,618.725060198927,1,12,401.077271219137,1,13,401.077271219137,1,14,401.077271219137,1,15,197.298423080432,1,16,197.298423080432,1,17,197.298423080432,1,18,522.278667766464,1,19,522.278667766464,1,20,522.278667766464,1,21,360.14900709678,1,22,360.14900709678,1,23,360.14900709678,1,24,197.298423080432,1,25,197.298423080432,1,26,197.298423080432,1,27
176.116121981551,0,0,709.209729558244,1,1,709.209729558244,1,2,709.209729558244,1,3,537.830852722742,1,4,427.33513339212,1,5,427.33513339212,1,6,390.53828216196,1,7,187.95991021116,1,8,187.95991021116,1,9,639.975737537813,1,10,600.592460554865,1,11,600.592460554865,1,12,510.595754287909,1,13,386.19139158903,1,14,386.19139158903,1,15,390.388676125587,1,16,187.95991021116,1,17,187.95991021116,1,18,580.038501511369,1,19,508.271854854825,1,20,508.271854854825,1,21,485.338832755398,1,22,348.468052241679,1,23,348.468052241679,1,24,390.238398543298,1,25,187.95991021116,1,26,187.95991021116,1,27
167.925497092686,0,0,689.90989375998,1,1,689.90989375998,1,2,689.90989375998,1,3,634.250486292844,1,4,411.109408987526,1,5,411.109408987526,1,6,584.949301923827,1,7,179.719349990213,1,8,179.719349990213,1,9,662.978314202589,1,10,583.451412296227,1,11,583.451412296227,1,12,622.593101953724,1,13,372.559680784314,1,14,372.559680784314,1,15,584.631761789333,1,16,179.719349990213,1,17,179.719349990213,1,18,638.597351651305,1,19,494.954495657688,1,20,494.954495657688,1,21,611.494286135257,1,22,337.652393126285,1,23,337.652393126285,1,24,584.312783224736,1,25,179.719349990213,1,26,179.719349990213,1,27
160.667134810509,0,0,671.054359342206,1,1,671.054359342206,1,2,671.054359342206,1,3,621.370993876096,1,4,396.001305936705,1,5,396.001305936705,1,6,577.404862636179,1,7,172.299433589289,1,8,172.299433589289,1,9,646.494206184078,1,10,566.906341155429,1,11,566.906341155429,1,12,610.686769001283,1,13,359.813990529524,1,14,359.813990529524,1,15,577.058329578579,1,16,172.299433589289,1,17,172.299433589289,1,18,624.235395303305,1,19,481.977305291786,1,20,481.977305291786,1,21,600.507884570908,1,22,327.394511072865,1,23,327.394511072865,1,24,576.71022262592,1,25,172.299433589289,1,26,172.299433589289,1,27
154.126492450084,0,0,652.607861940129,1,1,652.607861940129,1,2,652.607861940129,1,3,608.091957668653,1,4,381.815420244564,1,5,381.815420244564,1,6,568.741725899673,1,7,165.513665476721,1,8,165.513665476721,1,9,630.108612841814,1,10,550.837004201009,1,11,550.837004201009,1,12,598.253804979942,1,13,347.769075613601,1,14,347.769075613601,1,15,568.367322939707,1,16,165.513665476721,1,17,165.513665476721,1,18,609.698281630664,1,19,469.215968163226,1,20,469.215968163226,1,21,588.875808367336,1,22,317.544088806282,1,23,317.544088806282,1,24,567.991220859343,1,25,165.513665476721,1,26,165.513665476721,1,27
148.160867473794,0,0,634.539468927764,1,1,634.539468927764,1,2,634.539468927764,1,3,594.496894403724,1,4,368.408863120641,1,5,368.408863120641,1,6,559.141018901082,1,7,159.240379356997,1,8,159.240379356997,1,9,613.839164188734,1,10,535.169394142713,1,11,535.169394142713,1,12,585.396580433416,1,13,336.302522459763,1,14,336.302522459763,1,15,558.739557998403,1,16,159.240379356997,1,17,159.240379356997,1,18,595.044400967757,1,19,456.61718215979,1,20,456.61718215979,1,21,576.717592066448,1,22,308.017905138413,1,23,308.017905138413,1,24,558.336281984566,1,25,159.240379356997,1,26,159.240379356997,1,27
142.713120663736,0,0,616.879580442689,1,1,616.879580442689,1,2,616.879580442689,1,3,479.922002908265,1,4,353.295022838172,1,5,355.738419238501,1,6,357.646959815285,1,7,148.171335381709,1,8,153.44374858136,1,9,566.001081309622,1,10,519.709475425312,1,11,519.948867835694,1,12,458.650422589565,1,13,322.648981900877,1,14,325.403919071616,1,15,357.372361839803,1,16,148.081647442838,1,17,153.44374858136,1,18,520.562166858392,1,19,443.923664879492,1,20,444.277552813534,1,21,438.524045469481,1,22,295.82764958566,1,23,298.850036327509,1,24,357.096526262991,1,25,147.991414080633,1,26,153.44374858136,1,27
137.730196005366,0,0,599.801022803668,1,1,599.801022803668,1,2,599.801022803668,1,3,365.007103343085,1,4,339.539653370591,1,5,343.817211909772,1,6,159.078537261689,1,7,138.182917701054,1,8,148.089682980671,1,9,518.256079764559,1,10,505.230414586153,1,11,505.298583948689,1,12,332.626773222329,1,13,310.308143970393,1,14,315.096668285507,1,15,158.939422124285,1,16,137.992727341862,1,17,148.089682980671,1,18,447.011326191295,1,19,432.306716366721,1,20,432.316199416344,1,21,302.368946227933,1,22,284.862129250338,1,23,290.086291635195,1,24,158.799710082411,1,25,137.801403291435,1,26,148.089682980671,1,27
133.053896253364,0,0,583.010164492451,1,1,583.010164492451,1,2,583.010164492451,1,3,351.051868044433,1,4,329.038681960837,1,5,332.382108686758,1,6,152.194349568985,1,7,134.067808863334,1,8,143.025333740814,1,9,503.125466962177,1,10,491.61948276391,1,11,490.914696098319,1,12,320.809173029459,1,13,301.470452719411,1,14,305.138382988238,1,15,152.044358129046,1,16,133.86071000038,1,17,143.025333740814,1,18,434.811572673399,1,19,421.718787727936,1,20,420.455924352496,1,21,292.901083928546,1,22,277.562804940027,1,23,281.514220733779,1,24,151.893756935118,1,25,133.652413430688,1,26,143.025333740814,1,27
128.625997249116,0,0,566.48931589414,1,1,566.48931589414,1,2,566.48931589414,1,3,337.92924119377,1,4,318.853140445528,1,5,321.366362911997,1,6,145.868447466105,1,7,130.060265654928,1,8,138.19982974342,1,9,488.359699047881,1,10,478.173705903497,1,11,476.764528492889,1,12,309.605965386334,1,13,292.78710204643,1,14,295.476135499252,1,15,145.70857567992,1,16,129.837855209844,1,17,138.19982974342,1,18,422.766790942379,1,19,411.061763833539,1,20,408.678830102357,1,21,283.749403806914,1,22,270.243032080353,1,23,273.101567419809,1,24,145.548083015944,1,25,129.614191462641,1,26,138.19982974342,1,27
124.39870729932,0,0,550.222884258728,1,1,550.222884258728,1,2,550.222884258728,1,3,325.668349593148,1,4,308.96184333799,1,5,310.71281437635,1,6,140.20706552567,1,7,126.169153178032,1,8,133.570514044729,1,9,474.092661983788,1,10,464.900159634515,1,11,462.820144027583,1,12,299.128740066271,1,13,284.264722897786,1,14,286.065111219914,1,15,140.037961746361,1,16,125.932645457589,1,17,133.570514044729,1,18,411.161509796032,1,19,400.390190796577,1,20,396.969878364129,1,21,275.116966762731,1,22,262.942476873616,1,23,264.821221567681,1,24,139.868226382225,1,25,125.69483573277,1,26,133.570514044729,1,27
120.35924360922,0,0,534.287198428693,1,1,534.287198428693,1,2,534.287198428693,1,3,394.899683487787,1,4,299.367846832458,1,5,300.430883982354,1,6,280.789427063977,1,7,122.38889474182,1,8,129.131355022984,1,9,482.969946859279,1,10,451.844082511882,1,11,449.143123109884,1,12,376.5464288494,1,13,275.916271156161,1,14,276.924391709952,1,15,280.328474704904,1,16,122.139330153077,1,17,129.131355022984,1,18,440.300281002829,1,19,389.754288161579,1,20,385.398369329184,1,21,359.850127018961,1,22,255.690334550646,1,23,256.706247287577,1,24,279.865532645513,1,25,121.888420668138,1,26,129.131355022984,1,27
116.524516312937,0,0,518.857283013017,1,1,518.857283013017,1,2,518.857283013017,1,3,465.223334764123,1,4,290.149716752387,1,5,290.591876458263,1,6,420.699600504074,1,7,118.753403035658,1,8,124.905395491445,1,9,492.62536885529,1,10,439.157539134245,1,11,435.881359378921,1,12,454.481739605067,1,13,267.829071359315,1,14,268.129506527843,1,15,419.929103342852,1,16,118.491633803051,1,17,124.905395491445,1,18,469.880330044254,1,19,379.309022867034,1,20,374.105921315421,1,21,444.462778989306,1,22,248.586797708846,1,23,248.839991118958,1,24,419.155107327756,1,25,118.228481487721,1,26,124.905395491445,1,27
112.796324304503,0,0,503.629581334872,1,1,503.629581334872,1,2,503.629581334872,1,3,454.979685351592,1,4,281.076467477177,1,5,280.986392226784,1,6,414.637212008127,1,7,115.148325904804,1,8,120.79031607107,1,9,479.162985464848,1,10,426.5251247801,1,11,422.756940571977,1,12,444.863865780082,1,13,259.784598979413,1,14,259.489038168891,1,15,413.831442846028,1,16,114.875342313955,1,17,120.79031607107,1,18,457.909176180199,1,19,368.754476640533,1,20,362.848435066829,1,21,435.418906761394,1,22,241.429562117143,1,23,241.050343501158,1,24,413.021964233886,1,25,114.600942190853,1,26,120.79031607107,1,27
109.157735662196,0,0,488.598451398893,1,1,488.598451398893,1,2,488.598451398893,1,3,444.229866008602,1,4,272.146159259624,1,5,271.590389885687,1,6,407.479542949146,1,7,111.582423322067,1,8,116.770837545924,1,9,465.655940436872,1,10,413.964850839387,1,11,409.762918284712,1,12,434.654087200871,1,13,251.797743297233,1,14,250.987472374063,1,15,406.640326675361,1,16,111.299081964458,1,17,116.770837545924,1,18,445.692948258624,1,19,358.138238067435,1,20,351.628796604358,1,21,425.705314685715,1,22,234.250703546794,1,23,233.331898549782,1,24,405.797212108279,1,25,111.014294707533,1,26,116.770837545924,1,27
105.59567944625,0,0,473.759296349409,1,1,473.759296349409,1,2,473.759296349409,1,3,433.07711072433,1,4,263.373057226357,1,5,262.384342384708,1,6,399.417587629798,1,7,108.0760469692,1,8,112.835104131987,1,9,452.140237295895,1,10,401.51236026199,1,11,396.894621881312,1,12,423.969747582362,1,13,243.900697788275,1,14,242.612903078792,1,15,398.546452930435,1,16,107.782886140927,1,17,112.835104131987,1,18,433.300674171734,1,19,347.531952023921,1,20,340.451236765634,1,21,415.451984581278,1,22,227.099310692413,1,23,225.681461043485,1,24,397.671250735888,1,25,107.488253406723,1,26,112.835104131987,1,27
102.003420909219,0,0,458.796351673551,1,1,458.796351673551,1,2,458.796351673551,1,3,348.207505659671,1,4,251.89407997122,1,5,253.164002693653,1,6,254.491272622468,1,7,101.604949758812,1,8,108.880266154623,1,9,418.826749333384,1,10,386.833861891926,1,11,383.861471388501,1,12,332.636423567314,1,13,232.757767433985,1,14,234.172711008491,1,15,253.909801019387,1,16,101.300620816109,1,17,108.880266154623,1,18,384.35549588763,1,19,333.394831930424,1,20,329.053238492189,1,21,318.133435323618,1,22,216.287334003628,1,23,217.918365492942,1,24,253.325604344201,1,25,100.994629509303,1,26,108.880266154623,1,27
98.4151060093195,0,0,443.814492985594,1,1,443.814492985594,1,2,443.814492985594,1,3,263.667900933866,1,4,240.58530169754,1,5,244.000656138475,1,6,112.654207074752,1,7,95.2516480164728,1,8,104.944770496995,1,9,385.138342655192,1,10,372.019792873939,1,11,370.789740329084,1,12,242.223372460429,1,13,221.759870207748,1,14,225.748943133405,1,15,112.377554242635,1,16,94.9366148101273,1,17,104.944770496995,1,18,335.383486642564,1,19,319.126667669093,1,20,317.580969287267,1,21,222.444682133627,1,22,205.6141526022,1,23,210.13500645844,1,24,112.099640921779,1,25,94.6197319228526,1,26,104.944770496995,1,27
94.8803630156425,0,0,428.938418196741,1,1,428.938418196741,1,2,428.938418196741,1,3,252.541797776662,1,4,232.077108738297,1,5,234.971170621999,1,6,107.426186053418,1,7,91.9049161303963,1,8,101.073086733131,1,9,371.450072703549,1,10,359.332742616967,1,11,357.813164743593,1,12,232.369139337124,1,13,214.023416001964,1,14,217.426750744598,1,15,107.1443801658,1,16,91.5818752836674,1,17,101.073086733131,1,18,323.464961391806,1,19,308.217540109629,1,20,306.177593408927,1,21,213.942689056336,1,22,198.549601540576,1,23,202.424367628385,1,24,106.861335180482,1,25,91.256968335488,1,26,101.073086733131,1,27
91.3974656678169,0,0,414.18416871771,1,1,414.18416871771,1,2,414.18416871771,1,3,241.886979475754,1,4,223.646294851602,1,5,226.075997748389,1,6,102.520140199777,1,7,88.5852908352218,1,8,97.2636540723665,1,9,357.98170568312,1,10,346.732681352266,1,11,344.944896330181,1,12,222.875552596713,1,13,206.324007123911,1,14,209.209446980065,1,15,102.233482253279,1,16,88.2548273365281,1,17,97.2636540723665,1,18,311.709885711156,1,19,297.335543644999,1,20,294.856762159544,1,21,205.653055555619,1,22,191.483124344348,1,23,194.792717793007,1,24,101.945604641719,1,25,87.9224851094148,1,26,97.2636540723665,1,27
87.9655920404719,0,0,399.566671722595,1,1,399.566671722595,1,2,399.566671722595,1,3,231.711534821907,1,4,215.309275849685,1,5,217.316510086002,1,6,97.9625295006181,1,7,85.3026956852652,1,8,93.5158466849168,1,9,344.806691166081,1,10,334.24492569626,1,11,332.197612429519,1,12,213.786336291045,1,13,198.684925358106,1,14,201.100931655435,1,15,97.6710382762116,1,16,84.9652840876123,1,17,93.5158466849168,1,18,300.245953861032,1,19,286.518239359056,1,20,283.631662626901,1,21,197.658831120009,1,22,184.444925059934,1,23,187.246482280569,1,24,97.378343709025,1,25,84.6259845169799,1,26,93.5158466849168,1,27
84.6076786328562,0,0,385.195265698788,1,1,385.195265698788,1,2,385.195265698788,1,3,279.26133090976,1,4,207.117093781433,1,5,208.749488009766,1,6,195.660228498229,1,7,82.0736001394427,1,8,89.8541610955864,1,9,346.090225595411,1,10,321.950537835176,1,11,319.667172068189,1,12,265.743003308637,1,13,191.154328346705,1,14,193.157268308856,1,15,194.981222703525,1,16,81.7296701148596,1,17,89.8541610955864,1,18,313.997212329955,1,19,275.832416159395,1,20,272.589506262254,1,21,253.492092599985,1,22,177.481869829647,1,23,179.841255706693,1,24,194.299487127065,1,25,81.3838457778653,1,26,89.8541610955864,1,27
